日期,收盘,开盘,高,低,交易量,涨跌幅
2017年8月28日,59.13,59.33,59.48,58.78,2.38M,-0.15%
2017年8月29日,59.08,58.82,59.38,58.71,2.83M,-0.08%
2017年8月30日,59.17,58.86,59.23,58.69,2.86M,0.15%
2017年8月31日,59.7,59.47,59.9,59.29,3.73M,0.90%
2017年9月1日,59.75,59.69,59.92,59.28,2.64M,0.08%
2017年9月5日,60.72,60,60.75,59.97,4.62M,1.62%
2017年9月6日,61.62,60.92,62.04,60.85,4.09M,1.48%
2017年9月7日,61.86,61.59,62.05,61.36,4.04M,0.39%
2017年9月8日,60.24,60.78,60.93,59.78,3.50M,-2.62%
2017年9月11日,60.41,60.36,60.67,60.12,4.40M,0.28%
2017年9月12日,60.78,60.35,60.98,60.28,4.44M,0.61%
2017年9月13日,61.55,61.1,61.6,60.9,4.14M,1.27%
2017年9月14日,61.58,61.68,62.43,61.4,4.77M,0.05%
2017年9月15日,61.35,61.58,61.72,61.22,5.29M,-0.37%
2017年9月18日,61.8,61.28,61.95,61.09,4.19M,0.73%
2017年9月19日,61.86,61.8,62.15,61.59,3.22M,0.10%
2017年9月20日,62.49,62.1,62.86,62,3.52M,1.02%
2017年9月21日,62.75,62.38,62.95,62.24,2.68M,0.42%
2017年9月22日,62.94,62.69,63.49,62.56,3.41M,0.30%
2017年9月25日,64.58,63.35,64.97,63.26,5.16M,2.61%
2017年9月26日,64.44,64.25,64.64,64.1,3.43M,-0.22%
2017年9月27日,65.19,64.53,65.2,64.24,3.52M,1.16%
2017年9月28日,64.97,65.17,65.7,64.86,3.39M,-0.34%
2017年9月29日,64.21,64.66,64.77,64.14,3.56M,-1.17%
2017年10月2日,64.11,63.81,64.15,63.47,2.78M,-0.16%
2017年10月3日,63.98,64.1,64.14,63.61,1.86M,-0.20%
2017年10月4日,64.39,64.06,64.48,63.57,3.36M,0.64%
2017年10月5日,64.35,64.4,64.55,64.13,3.03M,-0.06%
2017年10月6日,63.91,63.91,64.18,63.7,2.30M,-0.68%
2017年10月9日,64,64.08,64.41,63.79,3.12M,0.14%
2017年10月10日,64.5,64.38,64.95,64.34,3.44M,0.78%
2017年10月11日,64.39,64.55,64.71,64.14,2.04M,-0.17%
2017年10月12日,64.22,64.17,64.31,63.9,3.10M,-0.26%
2017年10月13日,64.73,64.73,65.22,64.66,3.38M,0.79%
2017年10月16日,64.77,65.03,65.12,64.54,2.67M,0.06%
2017年10月17日,64.64,64.83,64.92,64.23,3.09M,-0.20%
2017年10月18日,64.63,64.63,65,64.43,2.90M,-0.02%
2017年10月19日,64.84,64.31,65,64.2,3.57M,0.32%
2017年10月20日,65.47,65.12,65.59,64.87,4.52M,0.97%
2017年10月23日,65.05,65.49,65.64,64.86,3.41M,-0.64%
2017年10月24日,65.82,65.3,66.11,65.12,6.59M,1.18%
2017年10月25日,65.35,65.67,66.24,64.92,6.91M,-0.71%
2017年10月26日,64.62,65.42,65.67,64.38,4.45M,-1.12%
2017年10月27日,65.05,64.02,65.43,63.65,5.06M,0.67%
2017年10月30日,64.96,65.05,65.53,64.82,4.37M,-0.14%
2017年10月31日,64.57,64.85,65,64.28,5.24M,-0.60%
2017年11月1日,65.46,65.16,65.78,65.07,6.18M,1.38%
2017年11月2日,67.9,65.97,68.04,65.82,7.88M,3.73%
2017年11月3日,68.26,67.96,68.75,67.18,6.37M,0.53%
2017年11月6日,68.82,68.52,68.97,68.42,3.99M,0.82%
2017年11月7日,68.75,68.75,69.12,68.58,3.31M,-0.10%
2017年11月8日,68.17,68.62,68.66,67.79,4.64M,-0.84%
2017年11月9日,68.7,67.95,68.88,67.92,2.97M,0.78%
2017年11月10日,68.17,68.46,68.81,68.05,3.49M,-0.77%
2017年11月13日,67.93,68,68.41,67.78,3.68M,-0.35%
2017年11月14日,67.32,67.81,67.81,67.04,4.18M,-0.90%
2017年11月15日,66.67,66.79,67.08,66.45,4.88M,-0.97%
2017年11月16日,67.17,66.56,67.46,66.51,3.60M,0.75%
2017年11月17日,68.4,67.91,68.79,67.85,5.51M,1.83%
2017年11月20日,67.81,68.18,68.29,67.77,4.16M,-0.86%
2017年11月21日,67.88,68.07,68.28,67.72,2.97M,0.10%
2017年11月22日,68.23,68.18,68.41,68.08,2.70M,0.52%
2017年11月24日,68.42,68.45,68.64,68.4,1.60M,0.28%
2017年11月27日,68.08,68.17,68.42,67.66,8.20M,-0.50%
2017年11月28日,68.96,68.02,68.98,67.86,4.81M,1.29%
2017年11月29日,69.9,68.74,69.95,68.51,5.11M,1.36%
2017年11月30日,70.5,70.03,70.61,69.83,6.53M,0.86%
2017年12月1日,70.24,70.75,71.09,69.77,4.97M,-0.37%
2017年12月4日,70.06,70.49,71.14,69.99,3.68M,-0.26%
2017年12月5日,70,70.17,70.45,69.84,2.72M,-0.09%
2017年12月6日,69.27,69.97,70.04,68.98,3.30M,-1.04%
2017年12月7日,69.41,69.08,69.59,69.01,3.81M,0.20%
2017年12月8日,68.87,68.68,69.09,68.28,3.06M,-0.78%
2017年12月11日,69.5,68.9,69.84,68.9,2.86M,0.91%
2017年12月12日,70.03,69.92,70.15,69.36,6.18M,0.76%
2017年12月13日,69.97,69.89,70.12,69.71,3.99M,-0.09%
2017年12月14日,70.55,70.07,70.87,69.87,5.52M,0.83%
2017年12月15日,70.62,70.87,71.04,70.45,7.55M,0.10%
2017年12月18日,70.97,70.91,71.22,70.63,3.09M,0.50%
2017年12月19日,70.9,71,71.2,70.62,4.20M,-0.10%
2017年12月20日,71.88,71.17,71.95,70.95,2.84M,1.38%
2017年12月21日,72.58,71.95,72.66,71.79,2.90M,0.97%
2017年12月22日,72.99,72.6,73.27,72.44,5.47M,0.56%
2017年12月26日,73.54,72.97,73.9,72.97,2.21M,0.75%
2017年12月27日,73.32,73.54,73.66,73.08,2.24M,-0.30%
2017年12月28日,73.7,73.37,73.78,73.22,1.68M,0.52%
2017年12月29日,73.66,73.98,74.06,73.63,3.18M,-0.05%
2018年1月2日,73.98,74.01,74.3,73.48,2.83M,0.43%
2018年1月3日,75,74.04,75.11,74,3.46M,1.38%
2018年1月4日,74.96,74.6,74.99,74.11,2.71M,-0.05%
2018年1月5日,74.55,74.83,74.97,74.25,3.24M,-0.55%
2018年1月8日,75.19,74.6,75.24,74.41,3.17M,0.86%
2018年1月9日,74.89,75.23,75.44,74.81,2.99M,-0.40%
2018年1月10日,74.25,74.9,74.95,74.14,4.09M,-0.85%
2018年1月11日,75.82,74.64,75.98,74.27,5.06M,2.11%
2018年1月12日,76.53,76,76.76,75.77,5.78M,0.94%
2018年1月16日,75.27,76.78,76.79,75.27,4.33M,-1.65%
2018年1月17日,75.86,75.57,76.19,74.96,3.11M,0.78%
2018年1月18日,75.39,75.81,76.1,75.37,3.01M,-0.62%
2018年1月19日,75.55,75.45,75.63,75.1,3.22M,0.21%
2018年1月22日,77.63,75.74,77.63,75.74,4.31M,2.75%
2018年1月23日,77.42,77.45,77.9,77.22,3.31M,-0.27%
2018年1月24日,77.56,77.76,78.09,77.07,3.36M,0.18%
2018年1月25日,76.74,77.58,77.77,76.68,2.47M,-1.06%
2018年1月26日,77.18,76.8,77.3,76.49,2.35M,0.57%
2018年1月29日,76.24,76.88,77.19,76.08,3.01M,-1.22%
2018年1月30日,74.76,75.48,76.04,74.68,4.42M,-1.94%
2018年1月31日,74.97,74.86,75.25,74.22,4.63M,0.28%
2018年2月1日,76.1,75.02,76.28,74.99,3.17M,1.51%
2018年2月2日,73.58,75.2,75.2,73.35,5.51M,-3.31%
2018年2月5日,70.91,72.99,73.87,70.05,5.79M,-3.63%
2018年2月6日,71.22,69.77,71.66,69.4,5.62M,0.44%
2018年2月7日,69.87,71.48,72.2,69.85,5.63M,-1.90%
2018年2月8日,68.47,69.99,70.16,68.47,7.13M,-2.00%
2018年2月9日,68.18,69.04,69.41,65.71,5.44M,-0.42%
2018年2月12日,69.87,68.89,70.53,68.89,3.95M,2.48%
2018年2月13日,69.72,69.21,70.17,69.12,4.52M,-0.21%
2018年2月14日,69.85,66.62,70.2,66.6,8.01M,0.19%
2018年2月15日,69.43,69.95,70.05,67.69,5.02M,-0.60%
2018年2月16日,68.16,69.21,69.41,68.07,5.79M,-1.83%
2018年2月20日,67.99,68.88,68.88,67.81,5.11M,-0.25%
2018年2月21日,67.21,67.99,68.7,67.19,5.11M,-1.15%
2018年2月22日,67.92,67.82,68.81,67.36,3.79M,1.06%
2018年2月23日,68.32,68.34,68.85,67.72,3.85M,0.59%
2018年2月26日,67.27,68.36,68.42,67.15,7.39M,-1.54%
2018年2月27日,66.75,67.61,67.98,66.75,6.62M,-0.77%
2018年2月28日,65.6,67.25,67.39,65.59,8.15M,-1.72%
2018年3月1日,65.63,65.7,66.39,65.08,5.52M,0.05%
2018年3月2日,65.64,65.12,65.85,64.24,3.75M,0.02%
2018年3月5日,65.92,65.17,66.38,65.01,4.75M,0.43%
2018年3月6日,65.66,66.45,66.51,65.56,4.44M,-0.39%
2018年3月7日,65.19,65.12,65.7,64.2,4.69M,-0.72%
2018年3月8日,62.96,64.39,64.55,62.47,9.40M,-3.42%
2018年3月9日,63.67,63.39,63.76,63.1,12.06M,1.13%
2018年3月12日,63.89,63.75,64.54,63.5,7.82M,0.35%
2018年3月13日,64.2,64.18,64.93,63.92,4.84M,0.49%
2018年3月14日,64.04,64.54,64.81,63.93,3.47M,-0.25%
2018年3月15日,63.91,64.34,64.66,63.21,3.23M,-0.20%
2018年3月16日,64.45,64,64.47,63.63,6.19M,0.84%
2018年3月19日,63.65,64.07,64.21,63.13,4.69M,-1.24%
2018年3月20日,63.91,63.9,64.73,63.61,4.88M,0.41%
2018年3月21日,66.04,64.24,66.51,64.21,4.78M,3.33%
2018年3月22日,65.18,65.31,65.98,64.99,6.32M,-1.30%
2018年3月23日,65.49,66,67.38,65.36,6.25M,0.48%
2018年3月26日,67.2,66.22,67.28,65.93,3.94M,2.61%
2018年3月27日,65.82,67.32,67.62,65.44,5.38M,-2.05%
2018年3月28日,63.15,65.96,65.99,62.98,10.39M,-4.06%
2018年3月29日,64.96,63.58,65.46,63.45,7.82M,2.87%
2018年4月2日,64.67,64.86,65.16,63.44,6.82M,-0.45%
2018年4月3日,66.63,64.88,66.67,64.46,7.49M,3.03%
2018年4月4日,66.62,65.75,66.69,65.5,6.63M,-0.02%
2018年4月5日,67.77,66.89,68.03,66.71,7.94M,1.73%
2018年4月6日,67.53,67.43,68.11,66.67,6.90M,-0.35%
2018年4月9日,68.93,68.08,69.7,67.6,7.92M,2.07%
2018年4月10日,70.51,69.9,70.84,69.54,8.01M,2.29%
2018年4月11日,71.68,70.53,71.95,70.49,5.00M,1.66%
2018年4月12日,71.78,71.77,72.25,71.36,4.74M,0.14%
2018年4月13日,73.63,72.48,73.82,72.31,6.32M,2.58%
2018年4月16日,74.91,74.45,74.98,73.78,5.21M,1.74%
2018年4月17日,75.22,74.95,75.49,74.55,4.19M,0.41%
2018年4月18日,75.92,76.14,76.66,75.71,4.28M,0.93%
2018年4月19日,75.99,76.21,76.53,75.57,5.46M,0.09%
2018年4月20日,76.47,75.8,76.88,75.45,5.03M,0.63%
2018年4月23日,77.24,76.27,77.26,75.67,3.22M,1.01%
2018年4月24日,77.34,77.45,78.02,76.9,4.88M,0.13%
2018年4月25日,77.36,77.25,77.4,76.36,5.58M,0.03%
2018年4月26日,77.6,77.7,77.78,77.15,3.67M,0.31%
2018年4月27日,77.04,77.1,77.66,76.76,2.90M,-0.72%
2018年4月30日,77.26,76.98,78.11,76.98,3.74M,0.29%
2018年5月1日,76.58,76.96,77.08,75.97,3.90M,-0.88%
2018年5月2日,76.83,76.36,77.16,76.36,3.98M,0.33%
2018年5月3日,77.29,76.63,77.77,76.23,4.77M,0.60%
2018年5月4日,77.71,76.88,78.12,76.69,2.98M,0.54%
2018年5月7日,77.28,78.21,79.31,77.27,5.11M,-0.55%
2018年5月8日,78.2,77.02,78.42,76.54,7.16M,1.19%
2018年5月9日,82.4,80.91,83.82,80.71,11.03M,5.37%
2018年5月10日,83.86,82.95,84.28,82.56,5.74M,1.77%
2018年5月11日,84.97,83.9,85.78,83.23,6.62M,1.32%
2018年5月14日,84.89,85.23,86.14,84.44,6.46M,-0.09%
2018年5月15日,84.27,84.64,85.03,83.88,4.64M,-0.73%
2018年5月16日,84.26,84.35,84.7,83.54,5.24M,-0.01%
2018年5月17日,86.16,84.67,86.24,84.25,4.94M,2.25%
2018年5月18日,85.42,85.99,86.1,84.99,3.50M,-0.86%
2018年5月21日,85.79,85.98,86.32,85.22,5.81M,0.43%
2018年5月22日,84.95,85.72,86.38,84.85,3.83M,-0.98%
2018年5月23日,85.33,84.32,85.54,83.63,3.51M,0.45%
2018年5月24日,83.86,84.43,84.68,83.7,3.32M,-1.72%
2018年5月25日,82.4,82.41,83.11,80.72,4.15M,-1.74%
2018年5月29日,81.83,82.49,82.77,81.03,4.13M,-0.69%
2018年5月30日,84.07,82.38,84.56,82.36,3.78M,2.74%
2018年5月31日,84.2,83.58,84.78,83.4,4.86M,0.15%
2018年6月1日,85.1,84.65,86.11,84.09,4.94M,1.07%
2018年6月4日,85.36,85.74,86.06,84.48,4.31M,0.31%
2018年6月5日,85.51,85.65,87.17,85.29,6.39M,0.18%
2018年6月6日,86.46,85.91,87.12,85.84,6.53M,1.11%
2018年6月7日,86.48,87,87.67,86.17,7.23M,0.02%
2018年6月8日,85.47,86.01,86.28,84.66,5.53M,-1.17%
2018年6月11日,86.15,85.89,86.75,85.28,5.81M,0.80%
2018年6月12日,84.93,85.77,86.14,84.55,6.05M,-1.42%
2018年6月13日,84.33,84.62,84.98,83.91,4.40M,-0.71%
2018年6月14日,84.35,84.88,85.22,84.26,3.68M,0.02%
2018年6月15日,83.33,84.03,84.09,82.84,7.48M,-1.21%
2018年6月18日,83.79,83.27,85.17,83.19,5.25M,0.55%
2018年6月19日,82.58,82.7,83.4,82.17,5.43M,-1.44%
2018年6月20日,83.24,82.92,83.76,82.71,4.45M,0.80%
2018年6月21日,82.09,83.03,83.11,81.68,5.00M,-1.38%
2018年6月22日,83.33,84.38,84.4,82.87,5.70M,1.51%
2018年6月25日,81.35,83.5,83.51,80.83,3.78M,-2.38%
2018年6月26日,82.68,81.67,82.98,81.45,3.93M,1.63%
2018年6月27日,83.77,83.65,84.69,83.55,5.13M,1.32%
2018年6月28日,83.4,84.26,84.69,83.08,3.51M,-0.44%
2018年6月29日,83.68,84.03,84.84,83.6,3.85M,0.34%
2018年7月2日,82.52,83.04,83.21,82.28,3.09M,-1.39%
2018年7月3日,83.86,83.63,84.81,83.29,2.98M,1.62%
2018年7月5日,84.19,84.48,84.48,83.66,3.67M,0.39%
2018年7月6日,84.25,83.76,84.69,83.61,2.80M,0.07%
2018年7月9日,85.25,84.7,85.57,84.69,3.00M,1.19%
2018年7月10日,85.7,85.62,86.6,85.53,4.60M,0.53%
2018年7月11日,83.93,84.9,85.23,83.46,5.11M,-2.07%
2018年7月12日,84.56,84.71,85.08,83.1,4.69M,0.75%
2018年7月13日,83.64,84.14,84.54,83.44,4.72M,-1.09%
2018年7月16日,82.53,82.8,83.39,81.34,3.66M,-1.33%
2018年7月17日,82.69,82.33,82.86,81.61,3.48M,0.19%
2018年7月18日,82.96,82.14,83.22,81.29,3.83M,0.33%
2018年7月19日,82.98,82.75,83.53,82.55,3.50M,0.02%
2018年7月20日,83.08,83.1,83.34,82.48,3.15M,0.12%
2018年7月23日,82.45,83.27,83.57,82.34,3.33M,-0.76%
2018年7月24日,83.46,82.81,84.59,82.64,7.05M,1.22%
2018年7月25日,84.33,83.67,84.93,83.36,4.62M,1.04%
2018年7月26日,84.16,84.2,84.65,83.87,4.17M,-0.20%
2018年7月27日,83.47,83.88,84.24,83.19,2.79M,-0.82%
2018年7月30日,83.31,84.09,84.23,83.05,3.20M,-0.19%
2018年7月31日,83.93,83.61,84.55,83.08,5.07M,0.74%
2018年8月1日,82.64,83.09,83.26,82.39,3.42M,-1.54%
2018年8月2日,82.24,82.01,82.56,81.84,3.36M,-0.48%
2018年8月3日,82.29,82.1,82.53,81.89,3.28M,0.06%
2018年8月6日,82.3,82.45,82.68,81.75,3.22M,0.01%
2018年8月7日,81.94,82.99,83.13,81.81,3.93M,-0.44%
2018年8月8日,81.2,81.61,81.76,80.33,4.54M,-0.90%
2018年8月9日,77.79,79.47,79.66,76.09,14.63M,-4.20%
2018年8月10日,78.78,77.43,78.89,77.3,8.38M,1.27%
2018年8月13日,78.14,78.89,79.42,78,6.06M,-0.81%
2018年8月14日,79.66,78.69,79.91,78.51,5.70M,1.95%
2018年8月15日,76.93,79.15,79.24,76.84,6.49M,-3.43%
2018年8月16日,78.02,77.42,78.87,77.38,5.47M,1.42%
2018年8月17日,78.55,78.52,78.97,78.21,4.80M,0.68%
2018年8月20日,79.01,78.52,79.38,78.4,3.12M,0.59%
2018年8月21日,78.89,79.34,79.57,78.73,3.28M,-0.15%
2018年8月22日,79.33,79.45,79.8,79.21,2.95M,0.56%
2018年8月23日,78.98,78.98,79.18,78.59,2.31M,-0.44%
2018年8月24日,79.34,79.47,80.45,79.21,2.58M,0.46%
2018年8月27日,80.21,79.46,80.32,79.46,2.24M,1.10%
2018年8月28日,80.11,80.54,81.06,79.82,3.17M,-0.12%
2018年8月29日,80.23,80.41,80.9,80.07,3.15M,0.15%
2018年8月30日,80.13,80.02,80.33,79.55,3.22M,-0.12%
2018年8月31日,79.87,80,80.2,79.58,3.23M,-0.32%
2018年9月4日,79.27,80.04,80.06,77.78,5.13M,-0.75%
2018年9月5日,79.14,78.75,79.31,77.71,3.85M,-0.16%
2018年9月6日,77.57,79,79.05,77.14,4.08M,-1.98%
2018年9月7日,76.65,76.24,77.19,75.85,3.32M,-1.19%
2018年9月10日,76.88,77,77.78,76.84,2.73M,0.30%
2018年9月11日,77.12,76.63,77.74,76.42,4.16M,0.31%
2018年9月12日,75.74,77.61,77.88,75.29,5.54M,-1.79%
2018年9月13日,76.64,75.46,76.97,74.69,7.68M,1.19%
2018年9月14日,77.58,76.73,78.04,76.73,4.67M,1.23%
2018年9月17日,77.6,77.79,78.07,77.4,3.00M,0.03%
2018年9月18日,78.88,78.89,79.98,78.54,3.79M,1.65%
2018年9月19日,79.38,78.9,79.9,78.22,3.79M,0.63%
2018年9月20日,79.23,79.64,79.85,78.71,3.75M,-0.19%
2018年9月21日,79.6,79.63,79.76,78.31,8.39M,0.47%
2018年9月24日,80.75,80.34,81.8,80.07,4.70M,1.44%
2018年9月25日,81.31,81.24,81.59,80.77,5.32M,0.69%
2018年9月26日,81.01,80.86,82.13,80.82,4.22M,-0.37%
2018年9月27日,81.17,81.44,81.58,80.45,5.24M,0.20%
2018年9月28日,82.17,80.75,83.08,80.62,6.41M,1.23%
2018年10月1日,83.13,82.32,83.3,82.05,4.17M,1.17%
2018年10月2日,82.87,83.27,83.35,82.49,3.47M,-0.31%
2018年10月3日,82.45,82.93,83.03,81.79,3.87M,-0.51%
2018年10月4日,82.18,81.91,82.63,81.5,3.96M,-0.33%
2018年10月5日,81.4,82.17,82.32,81.03,3.25M,-0.95%
2018年10月8日,81.75,80.9,81.97,80.63,5.29M,0.43%
2018年10月9日,82.23,82.18,82.81,81.58,3.33M,0.59%
2018年10月10日,77.92,82.38,82.58,77.86,5.06M,-5.24%
2018年10月11日,76.53,77.7,77.84,76,5.67M,-1.78%
2018年10月12日,76.96,77.41,77.64,75.72,4.27M,0.56%
2018年10月15日,72.24,74.97,75.37,72.02,9.76M,-6.13%
2018年10月16日,73.12,73.89,73.97,72.15,7.99M,1.22%
2018年10月17日,72.92,72.8,73.08,71.95,5.40M,-0.27%
2018年10月18日,71.9,72.31,72.69,71.51,5.42M,-1.40%
2018年10月19日,72.18,71.87,73.52,71.87,5.69M,0.39%
2018年10月22日,72.29,72.4,72.51,71.25,4.34M,0.15%
2018年10月23日,70.64,71,71.1,69.91,5.66M,-2.28%
2018年10月24日,68.23,71.03,71.5,68.16,7.29M,-3.41%
2018年10月25日,68.65,69.13,69.66,68.02,5.41M,0.62%
2018年10月26日,67.91,67.94,68.69,66.84,6.33M,-1.08%
2018年10月29日,66.46,68.28,68.56,65.65,4.51M,-2.14%
2018年10月30日,67.55,66.42,67.71,66.06,4.77M,1.64%
2018年10月31日,67.07,68.21,69.14,67.03,4.99M,-0.71%
2018年11月1日,68.35,67.18,68.65,66.86,6.13M,1.91%
2018年11月2日,68.31,68.73,69.13,67.57,6.66M,-0.06%
2018年11月5日,69.95,68.93,70.62,68.7,7.97M,2.40%
2018年11月6日,73.34,74.3,75.11,71.14,11.08M,4.85%
2018年11月7日,73.72,74.94,75.79,73.29,6.00M,0.52%
2018年11月8日,72.63,73.53,73.84,72.27,4.44M,-1.48%
2018年11月9日,73.55,71.71,74.15,70.9,6.98M,1.27%
2018年11月12日,72.16,74.29,74.29,71.82,5.20M,-1.89%
2018年11月13日,70.78,72.13,72.67,70.47,5.50M,-1.91%
2018年11月14日,70.95,72.12,72.47,70.29,5.87M,0.24%
2018年11月15日,72.59,70.51,72.74,69.7,4.81M,2.31%
2018年11月16日,73.38,72.92,73.61,72.25,4.76M,1.09%
2018年11月19日,73.36,72.61,73.64,72.48,5.15M,-0.03%
2018年11月20日,70.3,72.52,72.78,69.71,4.48M,-4.17%
2018年11月21日,72.08,70.59,73.03,70.51,4.51M,2.53%
2018年11月23日,69.83,70.5,70.5,69.05,3.25M,-3.12%
2018年11月26日,70.64,70.47,71.32,70.26,4.53M,1.16%
2018年11月27日,69.38,70.15,70.39,68.82,5.55M,-1.78%
2018年11月28日,70.71,69.27,70.71,67.51,4.66M,1.92%
2018年11月29日,70.91,70.71,71.7,70.51,3.62M,0.28%
2018年11月30日,70.27,70.25,71,69.13,5.95M,-0.90%
2018年12月3日,71.32,72.04,72.43,70.54,5.02M,1.49%
2018年12月4日,69.67,71.6,71.8,68.8,4.46M,-2.31%
2018年12月6日,67.52,68.45,68.47,65.89,7.53M,-3.09%
2018年12月7日,66.54,67.69,68.63,66.41,5.49M,-1.45%
2018年12月10日,64.44,65.71,66.07,62.57,6.14M,-3.16%
2018年12月11日,64.7,65.39,65.64,63.81,6.03M,0.40%
2018年12月12日,65.41,65.72,66.67,65.37,6.62M,1.10%
2018年12月13日,66.68,65.25,67,64.73,6.73M,1.94%
2018年12月14日,65.1,66.13,66.57,64.53,5.09M,-2.37%
2018年12月17日,64.11,64.82,65.76,63.58,5.67M,-1.52%
2018年12月18日,63.14,64.05,64.32,62.57,5.80M,-1.51%
2018年12月19日,62.24,63.8,64.36,61.52,6.61M,-1.43%
2018年12月20日,60.63,61.21,62.38,60.03,7.30M,-2.59%
2018年12月21日,59.98,60.41,61.55,59.6,12.54M,-1.07%
2018年12月24日,57.11,59.42,59.83,57.11,4.13M,-4.78%
2018年12月26日,60.6,57.62,60.63,56.83,7.17M,6.11%
2018年12月27日,60.76,59.45,60.78,58.52,6.81M,0.26%
2018年12月28日,60.47,61.19,61.46,60.18,5.03M,-0.48%
2018年12月31日,61.38,60.78,61.5,60.51,5.13M,1.50%
2019年1月2日,62,60.52,62.4,59.72,5.36M,1.01%
2019年1月3日,61.24,62.18,62.4,60.73,5.47M,-1.23%
2019年1月4日,63.21,62.28,63.42,62.03,6.37M,3.22%
2019年1月7日,64.48,63.55,65.33,62.75,5.77M,2.01%
2019年1月8日,64.99,65.3,66.31,64.9,5.42M,0.79%
2019年1月9日,65.78,65.48,66.22,65.25,4.52M,1.22%
2019年1月10日,66.19,65.81,66.28,65.04,4.98M,0.62%
2019年1月11日,66.22,65.66,66.25,65.19,3.89M,0.05%
2019年1月14日,65.58,65.45,66.47,65.4,6.60M,-0.97%
2019年1月15日,65.52,65.81,66.53,65.35,4.50M,-0.09%
2019年1月16日,65.14,65.51,65.67,65.08,4.48M,-0.58%
2019年1月17日,65.83,64.65,66.1,64.45,4.77M,1.06%
2019年1月18日,67.03,66.56,67.23,65.86,4.60M,1.82%
2019年1月22日,65.12,66.35,66.4,64.86,4.14M,-2.85%
2019年1月23日,64.57,65.26,65.71,63.94,3.73M,-0.84%
2019年1月24日,64.98,64.54,65.16,64.01,4.04M,0.63%
2019年1月25日,66.53,65.55,66.7,65.42,3.48M,2.39%
2019年1月28日,66.08,65.64,66.14,64.99,3.80M,-0.68%
2019年1月29日,66.48,66.57,66.82,66,3.89M,0.61%
2019年1月30日,66.97,66.96,67.46,66.44,3.89M,0.74%
2019年1月31日,66.78,67.28,67.39,66.21,5.91M,-0.28%
2019年2月1日,68.04,67.26,68.23,66.78,5.39M,1.89%
2019年2月4日,67.74,67.47,67.91,67.13,3.25M,-0.44%
2019年2月5日,67.3,67.61,67.64,67.01,2.92M,-0.65%
2019年2月6日,66.63,66.84,67.16,66.48,3.21M,-1.00%
2019年2月7日,64.92,66.1,66.21,64.46,4.42M,-2.57%
2019年2月8日,64.96,64.6,64.98,63.38,4.65M,0.06%
2019年2月11日,64.84,64.48,65.06,63.94,5.49M,-0.18%
2019年2月12日,65.75,65.86,66.27,65.58,3.90M,1.40%
2019年2月13日,65.85,66.13,68.05,64.88,7.21M,0.15%
2019年2月14日,66.57,65.68,67.36,65.29,5.70M,1.09%
2019年2月15日,67.19,67.57,68.26,66.5,6.06M,0.93%
2019年2月19日,67.63,65.69,67.75,65.64,5.08M,0.65%
2019年2月20日,68.25,67.5,68.31,67.35,4.02M,0.92%
2019年2月21日,66.6,68.19,68.19,66.41,4.12M,-2.42%
2019年2月22日,65.93,67.18,67.21,65.73,5.04M,-1.01%
2019年2月25日,66.23,65.78,66.37,65.67,3.59M,0.46%
2019年2月26日,66.04,66.28,66.88,65.96,2.76M,-0.29%
2019年2月27日,66.65,66.31,67.27,66.08,2.96M,0.92%
2019年2月28日,66.15,66.65,66.66,65.37,3.86M,-0.75%
2019年3月1日,67.55,66.37,67.57,66.37,3.87M,2.12%
2019年3月4日,67.45,67.76,67.98,66.41,4.20M,-0.15%
2019年3月5日,67.53,67.42,67.83,66.81,3.70M,0.12%
2019年3月6日,66.19,67.14,67.41,65.86,4.45M,-1.98%
2019年3月7日,65.74,66.23,66.3,65.5,3.16M,-0.68%
2019年3月8日,62.71,64.09,64.09,62.12,5.58M,-4.61%
2019年3月11日,63.88,63.27,63.97,62.81,3.77M,1.87%
2019年3月12日,64.2,64.19,64.5,63.92,3.20M,0.50%
2019年3月13日,65.06,64.72,65.17,64.31,2.56M,1.34%
2019年3月14日,65.21,64.97,65.49,64.95,2.45M,0.23%
2019年3月15日,65.47,64.86,65.6,64.85,5.60M,0.40%
2019年3月18日,67.01,65.76,67.09,65.64,3.26M,2.35%
2019年3月19日,66.17,67.36,67.79,65.94,3.70M,-1.25%
2019年3月20日,67.26,66.03,67.74,65.91,5.11M,1.65%
2019年3月21日,67.24,66.96,67.3,66.48,5.28M,-0.03%
2019年3月22日,65.24,66.75,66.85,65.13,6.14M,-2.97%
2019年3月25日,65.13,65.27,65.33,64.51,6.59M,-0.17%
2019年3月26日,67.08,65.88,67.49,65.71,5.89M,2.99%
2019年3月27日,66.35,67.21,67.21,65.86,3.56M,-1.09%
2019年3月28日,66.57,65.93,66.66,65.8,2.52M,0.33%
2019年3月29日,66.2,67.28,67.48,66.05,3.19M,-0.56%
2019年4月1日,67.18,66.89,67.28,66.54,2.81M,1.48%
2019年4月2日,66.63,67.21,67.63,66.19,3.31M,-0.82%
2019年4月3日,66.06,67.23,67.23,65.84,3.06M,-0.86%
2019年4月4日,66.44,66.11,66.62,65.57,2.86M,0.58%
2019年4月5日,68.04,66.66,68.36,66.65,3.81M,2.41%
2019年4月8日,68.37,68.35,68.83,67.86,2.53M,0.49%
2019年4月9日,67.28,68.03,68.18,66.98,3.30M,-1.59%
2019年4月10日,67.18,67.48,67.7,66.99,3.65M,-0.15%
2019年4月11日,67.18,66.76,67.57,66.44,2.96M,0.00%
2019年4月12日,65.33,66.04,66.45,64.04,10.07M,-2.75%
2019年4月15日,63.36,65.16,65.25,62.77,11.79M,-3.02%
2019年4月16日,63.67,63.52,64.71,63.18,11.09M,0.49%
2019年4月17日,62.65,64.02,64.6,62.53,6.55M,-1.60%
2019年4月18日,61.82,62.65,62.8,61.79,8.48M,-1.32%
2019年4月22日,63.05,62.35,63.31,62.05,5.87M,1.99%
2019年4月23日,62.36,62.93,62.95,61.75,10.31M,-1.09%
2019年4月24日,62,59.81,62.12,59.76,28.24M,-0.58%
2019年4月25日,61.84,60.77,63.42,60.26,16.50M,-0.26%
2019年4月26日,61.31,61.6,61.8,60.01,10.17M,-0.86%
2019年4月29日,60.13,60.06,60.6,59.59,9.11M,-1.92%
2019年4月30日,58.88,58.65,59.3,57.54,24.10M,-2.08%
2019年5月1日,57.48,59.1,59.27,57.48,11.08M,-2.38%
2019年5月2日,57.35,57.41,57.85,56.95,18.80M,-0.23%
2019年5月3日,57.95,57.97,58.6,57.69,10.79M,1.05%
2019年5月6日,58.77,57.33,59.18,56.94,25.49M,1.42%
2019年5月7日,59.69,58.41,59.77,58.17,21.57M,1.57%
2019年5月8日,60.21,59.76,60.73,59.4,17.38M,0.87%
2019年5月9日,56.33,56.85,57.13,56.12,36.68M,-6.44%
2019年5月10日,54.97,56.34,56.58,54.5,17.79M,-2.41%
2019年5月13日,54.17,54.57,54.75,53.51,12.89M,-1.46%
2019年5月14日,54.55,54.32,55.01,54.15,7.20M,0.70%
2019年5月15日,54.25,54.11,54.26,53.12,13.68M,-0.55%
2019年5月16日,53.75,54.35,54.62,53.53,10.66M,-0.92%
2019年5月17日,52.76,53.28,53.41,52.62,13.99M,-1.84%
2019年5月20日,53.46,52.87,53.52,52.76,9.41M,1.33%
2019年5月21日,53.51,53.29,53.66,52.87,12.05M,0.09%
2019年5月22日,52.78,53.2,53.6,52.47,13.53M,-1.36%
2019年5月23日,52.91,51.96,52.94,51.29,21.38M,0.25%
2019年5月24日,53.47,53.35,53.98,53.03,15.00M,1.06%
2019年5月28日,52.28,53.68,53.78,52.28,8.68M,-2.23%
2019年5月29日,52,51.91,52.14,51.04,9.06M,-0.54%
2019年5月30日,51.91,51.94,53.17,51.35,16.92M,-0.17%
2019年5月31日,49.77,51.15,51.38,49.69,11.16M,-4.12%
2019年6月3日,49.32,50.3,50.6,49.05,11.15M,-0.90%
2019年6月4日,49.69,49.64,50.11,49.32,8.84M,0.75%
2019年6月5日,47.43,49.61,49.64,47,18.56M,-4.55%
2019年6月6日,49.04,47.75,49.21,47.65,11.66M,3.39%
2019年6月7日,47.84,48.57,48.57,47.63,11.71M,-2.45%
2019年6月10日,47.9,48.08,48.59,47.7,9.86M,0.13%
2019年6月11日,49.05,48.67,49.29,48.15,12.87M,2.40%
2019年6月12日,48.79,48.73,48.9,47.87,7.64M,-0.53%
2019年6月13日,49.73,49.57,49.8,49.13,8.01M,1.93%
2019年6月14日,49.31,49.76,49.83,49.2,7.78M,-0.84%
2019年6月17日,49.81,49.29,50.38,48.96,7.42M,1.01%
2019年6月18日,50.35,50.05,50.47,49.75,9.47M,1.08%
2019年6月19日,50.3,50.23,51.03,49.99,8.91M,-0.10%
2019年6月20日,51.3,51.08,51.6,50.57,7.39M,1.99%
2019年6月21日,50.61,51.43,51.63,50.45,10.30M,-1.35%
2019年6月24日,49.89,50.33,50.65,49.68,9.65M,-1.42%
2019年6月25日,49.38,49.62,49.94,49.34,4.58M,-1.02%
2019年6月26日,50.42,49.87,51.25,49.61,7.03M,2.11%
2019年6月27日,49.75,50.36,50.65,49.61,5.39M,-1.33%
2019年6月28日,50.28,49.85,50.28,49.54,6.75M,1.07%
2019年7月1日,49.78,51,51.36,49.68,7.26M,-0.99%
2019年7月2日,48.78,49.77,49.77,47.95,10.16M,-2.01%
2019年7月3日,49.17,48.87,49.25,48.55,4.44M,0.80%
2019年7月5日,49.28,49.13,49.55,48.87,5.61M,0.22%
2019年7月8日,49.3,49.25,49.51,49.01,4.74M,0.04%
2019年7月9日,49.61,49.27,49.67,48.7,7.46M,0.63%
2019年7月10日,50.24,50.08,50.39,49.45,7.59M,1.27%
2019年7月11日,50.44,50.42,50.54,50.07,6.40M,0.40%
2019年7月12日,51.72,50.57,52.1,50.4,9.10M,2.54%
2019年7月15日,51.63,51.82,51.97,51.3,10.13M,-0.17%
2019年7月16日,51.1,51.29,51.44,50.7,8.79M,-1.03%
2019年7月17日,51.18,51.03,51.55,50.91,7.62M,0.16%
2019年7月18日,51.01,51,51.14,50.62,9.69M,-0.33%
2019年7月19日,52.33,51.04,52.41,50.85,7.20M,2.59%
2019年7月22日,52.51,52.35,52.7,51.47,6.00M,0.34%
2019年7月23日,51.8,52.62,52.65,51.59,5.82M,-1.35%
2019年7月24日,52.05,51.85,52.67,51.82,6.10M,0.48%
2019年7月25日,51.14,52.23,52.33,51.03,6.63M,-1.75%
2019年7月26日,51.59,51.26,51.87,51.08,5.45M,0.88%
2019年7月29日,50.91,51.57,51.64,50.3,6.41M,-1.32%
2019年7月30日,52.47,50.68,52.47,50.52,7.42M,3.06%
2019年7月31日,51.36,52.25,52.4,50.79,12.34M,-2.12%
2019年8月1日,53.17,51,54.05,50.92,14.07M,3.52%
2019年8月2日,51.18,53,53.16,50.77,12.21M,-3.74%
2019年8月5日,49.42,50.25,50.46,49.1,9.98M,-3.44%
2019年8月6日,47.58,49.63,49.63,46.76,13.01M,-3.72%
2019年8月7日,46,46.69,46.94,44.88,16.69M,-3.32%
2019年8月8日,47.13,46.57,47.47,45.13,23.94M,2.46%
2019年8月9日,47.13,46.85,47.94,46.8,9.88M,0.00%
2019年8月12日,44.99,46.95,46.98,44.93,13.46M,-4.54%
2019年8月13日,44.76,44.74,44.96,44.01,17.64M,-0.51%
2019年8月14日,43.7,43.79,44.02,43.08,16.95M,-2.37%
2019年8月15日,43.96,43.6,44.48,43.15,9.35M,0.59%
2019年8月16日,44.57,44.13,44.83,44.01,8.51M,1.39%
2019年8月19日,45.58,44.79,45.96,44.75,9.85M,2.27%
2019年8月20日,45.26,45.61,45.9,45.16,7.38M,-0.70%
2019年8月21日,45.06,45.09,45.46,44.17,8.50M,-0.44%
2019年8月22日,44.7,45.26,45.76,44.69,5.87M,-0.80%
2019年8月23日,42.37,44.05,44.13,42.17,12.55M,-5.21%
2019年8月26日,42.13,42.94,43.01,41.83,8.30M,-0.57%
2019年8月27日,42.35,42.59,42.8,41.83,7.32M,0.52%
2019年8月28日,43.11,42.58,43.34,42.51,7.08M,1.79%
2019年8月29日,43.37,43.4,44.1,43.29,6.65M,0.60%
2019年8月30日,43.48,43.52,43.88,42.79,6.88M,0.25%
2019年9月3日,42.68,42.86,42.98,42.37,6.92M,-1.84%
2019年9月4日,43.58,43.3,43.85,43.19,4.84M,2.11%
2019年9月5日,45.09,43.94,45.34,43.94,9.68M,3.46%
2019年9月6日,45.46,44.95,45.81,44.55,10.96M,0.82%
2019年9月9日,44.97,45,45.13,44.53,11.07M,-1.08%
2019年9月10日,46.43,45.3,46.73,45.22,9.77M,3.25%
2019年9月11日,46.29,46.5,46.9,45.67,7.66M,-0.30%
2019年9月12日,45.4,45.76,46.12,45.18,7.40M,-1.92%
2019年9月13日,45.09,46,46.4,44.96,11.15M,-0.68%
2019年9月16日,47.8,47.61,48.85,47.38,24.12M,6.01%
2019年9月17日,45.15,47.92,47.95,45.14,15.55M,-5.54%
2019年9月18日,44.62,44.85,45.18,44.4,9.88M,-1.17%
2019年9月19日,45.79,45,46.21,44.79,10.55M,2.62%
2019年9月20日,45.7,45.99,46.3,45.26,8.62M,-0.20%
2019年9月23日,45.5,45.36,45.91,44.97,7.37M,-0.44%
2019年9月24日,45.47,45.48,45.94,45.12,6.53M,-0.07%
2019年9月25日,45.33,45.11,45.58,44.7,4.37M,-0.31%
2019年9月26日,45.35,45.05,45.38,44.41,4.97M,0.04%
2019年9月27日,45.14,45.04,45.76,44.8,4.52M,-0.46%
2019年9月30日,44.47,45,45.14,44.13,6.53M,-1.48%
2019年10月1日,43.77,44.67,45.42,43.67,5.24M,-1.57%
2019年10月2日,42.94,43.64,43.74,42.74,6.08M,-1.90%
2019年10月3日,43.2,42.75,43.4,42.26,5.71M,0.61%
2019年10月4日,43.07,43.1,43.45,42.55,5.11M,-0.30%
2019年10月7日,42.18,42.9,43.04,42.17,7.50M,-2.07%
2019年10月8日,40.83,41.9,42.3,40.82,8.76M,-3.20%
2019年10月9日,40.84,41.36,41.52,40.45,7.12M,0.02%
2019年10月10日,41.03,40.95,41.54,40.55,7.80M,0.47%
2019年10月11日,41.12,41.51,41.79,41.07,7.39M,0.22%
2019年10月14日,40.51,41.03,41.07,39.97,12.95M,-1.48%
2019年10月15日,40.8,40.41,41.3,40.27,6.22M,0.72%
2019年10月16日,40.34,40.7,41.31,40.32,5.81M,-1.13%
2019年10月17日,40.33,40.37,40.76,40.07,6.49M,-0.02%
2019年10月18日,40.45,40.35,41.1,40.35,6.97M,0.30%
2019年10月21日,40.82,40.57,40.85,40.28,6.77M,0.91%
2019年10月22日,42.22,40.9,42.71,40.77,10.62M,3.43%
2019年10月23日,42.92,42.07,42.92,41.84,7.83M,1.66%
2019年10月24日,42.29,43,43.1,41.91,7.27M,-1.47%
2019年10月25日,42.53,42.29,42.96,42.2,5.27M,0.57%
2019年10月28日,42.28,42.67,42.99,42.26,4.64M,-0.59%
2019年10月29日,42.33,42,42.6,41.53,6.37M,0.12%
2019年10月30日,41.36,42.33,42.38,41.18,5.56M,-2.29%
2019年10月31日,40.5,41.23,41.36,40.11,12.52M,-2.08%
2019年11月1日,42.29,40.75,42.29,40.74,9.02M,4.42%
2019年11月4日,44.23,42.99,44.62,42.95,13.45M,4.59%
2019年11月5日,41.91,42.15,44.04,40.76,19.34M,-5.25%
2019年11月6日,39.61,41.62,41.71,39.37,17.04M,-5.49%
2019年11月7日,39.03,40.09,40.66,38.47,15.28M,-1.46%
2019年11月8日,40.1,38.65,40.2,38.3,13.61M,2.74%
2019年11月11日,38.88,39.13,39.33,38.46,14.59M,-3.04%
2019年11月12日,38.44,38.9,39.25,38.06,12.82M,-1.13%
2019年11月13日,38.12,38.26,38.36,37.96,9.39M,-0.83%
2019年11月14日,37.76,38.11,38.68,37.6,8.83M,-0.94%
2019年11月15日,38.95,39.02,39.34,38.51,14.17M,3.15%
2019年11月18日,39.3,39.15,39.47,38.54,13.13M,0.90%
2019年11月19日,38.14,39.14,39.14,37.94,12.54M,-2.95%
2019年11月20日,38.48,38.07,39.25,37.7,10.30M,0.89%
2019年11月21日,39.12,38.5,39.38,38.45,9.31M,1.66%
2019年11月22日,39.58,39.2,39.94,38.98,9.47M,1.18%
2019年11月25日,39.93,39.77,40.57,39.7,10.27M,0.88%
2019年11月26日,38.57,39.8,39.93,38.56,13.37M,-3.41%
2019年11月27日,38.75,38.61,38.88,38.31,7.06M,0.47%
2019年11月29日,38.57,38.64,39.07,38.5,4.66M,-0.46%
2019年12月2日,38.68,38.84,39.16,38.41,10.83M,0.29%
2019年12月3日,38.02,38.38,38.44,37.54,11.61M,-1.71%
2019年12月4日,38.45,38.34,38.79,38.16,10.54M,1.13%
2019年12月5日,37.98,38.68,38.8,37.78,9.22M,-1.22%
2019年12月6日,39.01,38.11,39.03,38.1,10.42M,2.71%
2019年12月9日,37.34,38.03,38.08,37.32,17.39M,-4.28%
2019年12月10日,37.57,37.51,38.05,37.25,12.62M,0.62%
2019年12月11日,37.54,37.54,37.97,37.53,7.86M,-0.08%
2019年12月12日,38.25,37.64,38.53,37.59,9.48M,1.89%
2019年12月13日,37.71,38.48,38.81,37.66,9.89M,-1.41%
2019年12月16日,38.32,37.99,38.72,37.98,9.57M,1.62%
2019年12月17日,38.32,38.32,38.77,38.14,13.58M,0.00%
2019年12月18日,38.67,38.33,39.03,38.31,9.42M,0.91%
2019年12月19日,38.7,38.52,38.96,38.46,7.47M,0.08%
2019年12月20日,39.01,38.87,39.23,38.53,17.28M,0.80%
2019年12月23日,39.71,39.01,39.72,38.99,10.02M,1.79%
2019年12月24日,39.89,39.78,40.37,39.72,4.70M,0.45%
2019年12月26日,40.15,40.05,40.58,39.99,6.05M,0.65%
2019年12月27日,40.16,40.35,40.49,40.13,7.05M,0.02%
2019年12月30日,40.7,40.25,41.12,40.16,10.49M,1.34%
2019年12月31日,41.21,40.49,41.22,40.32,10.37M,1.25%
2020年1月2日,42.58,41.63,42.69,41.58,12.79M,3.32%
2020年1月3日,43.61,43.81,44.25,43.16,15.10M,2.42%
2020年1月6日,45.05,43.98,45.45,43.69,16.66M,3.30%
2020年1月7日,45.27,45.08,45.28,44.18,12.17M,0.49%
2020年1月8日,44.98,45.54,45.78,44.27,12.25M,-0.64%
2020年1月9日,45.37,44.85,45.4,43.77,14.64M,0.87%
2020年1月10日,45.9,45.25,46.21,44.97,10.54M,1.17%
2020年1月13日,46.57,46.26,46.61,45.52,8.46M,1.46%
2020年1月14日,47.24,46.85,47.43,46.71,12.19M,1.44%
2020年1月15日,47.26,47.15,47.51,46.8,7.09M,0.04%
2020年1月16日,46.67,47.2,47.58,46.62,9.76M,-1.25%
2020年1月17日,45.83,46.75,47.01,45.65,14.38M,-1.80%
2020年1月21日,44.32,45.37,45.45,44.31,10.81M,-3.29%
2020年1月22日,43.29,44,44.04,42.88,12.95M,-2.32%
2020年1月23日,42.52,42.62,42.74,42.21,10.79M,-1.78%
2020年1月24日,42.22,42.47,42.69,41.84,8.80M,-0.71%
2020年1月27日,41.24,41.02,41.41,40.69,9.30M,-2.32%
2020年1月28日,41.2,41.63,41.66,41.12,7.21M,-0.10%
2020年1月29日,40.47,41.31,41.52,40.46,6.66M,-1.77%
2020年1月30日,40.59,39.94,40.67,39.42,9.51M,0.30%
2020年1月31日,39.72,40.1,40.36,39.49,16.04M,-2.14%
2020年2月3日,40.08,39.7,40.42,39.44,8.73M,0.91%
2020年2月4日,40.5,40.94,41.44,40.39,7.86M,1.05%
2020年2月5日,42.12,41.27,42.38,41.21,8.61M,4.00%
2020年2月6日,42.12,42.31,42.45,41.57,6.20M,0.00%
2020年2月7日,41.89,41.7,42,41.47,5.03M,-0.55%
2020年2月10日,40.5,41.49,41.56,40.18,7.92M,-3.32%
2020年2月11日,41.17,42.15,42.36,41.03,12.13M,1.65%
2020年2月12日,42.49,42.4,42.61,41.78,8.21M,3.21%
2020年2月13日,42.04,42.09,42.38,41.53,8.40M,-1.06%
2020年2月14日,41.6,42.07,42.24,41.29,6.40M,-1.05%
2020年2月18日,41.56,41.6,41.69,40.98,9.52M,-0.10%
2020年2月19日,42.51,41.86,42.72,41.53,7.54M,2.29%
2020年2月20日,42.97,42.7,43.6,42.46,7.73M,1.08%
2020年2月21日,42.12,42.55,42.57,41.83,8.92M,-1.98%
2020年2月24日,39.48,40.5,40.55,39.48,12.50M,-6.27%
2020年2月25日,36.19,39.54,39.62,36,22.06M,-8.33%
2020年2月26日,34.22,36.27,36.44,34.19,22.70M,-5.44%
2020年2月27日,31.81,33.17,33.57,31.16,23.52M,-7.04%
2020年2月28日,32.74,31.48,32.78,29.64,24.19M,2.92%
2020年3月2日,32.95,33.58,33.66,31.7,17.22M,0.64%
2020年3月3日,32.99,33.05,34.62,32.31,19.99M,0.12%
2020年3月4日,32.93,33.25,33.25,31.88,14.01M,-0.18%
2020年3月5日,31.48,32.5,32.76,31.09,19.22M,-4.40%
2020年3月6日,26.86,30.16,30.21,26.27,38.97M,-14.68%
2020年3月9日,12.51,15.58,19.19,12.04,104.93M,-53.43%
2020年3月10日,14.34,15.4,15.5,12.57,110.53M,14.63%
2020年3月11日,11.8,13.12,13.4,11.7,70.59M,-17.71%
2020年3月12日,11.89,10.23,14.84,9.44,73.14M,0.76%
2020年3月13日,14.26,13.31,14.56,11.59,64.91M,19.93%
2020年3月16日,12.02,11.4,13.68,11.2,37.31M,-15.71%
2020年3月17日,11.34,12.38,12.8,11.05,34.73M,-5.66%
2020年3月18日,10.53,10.45,10.84,9,41.26M,-7.14%
2020年3月19日,10.83,10.41,10.98,9.4,38.09M,2.85%
2020年3月20日,10.23,11.15,11.18,9.55,50.83M,-5.54%
2020年3月23日,9.69,10.25,10.29,9.47,36.78M,-5.28%
2020年3月24日,10.72,10.4,10.77,9.7,42.02M,10.63%
2020年3月25日,12,11.25,12.63,10.22,55.41M,11.94%
2020年3月26日,12.83,12.05,15.29,12,70.32M,6.92%
2020年3月27日,11.61,12.04,12.38,11.49,34.68M,-9.51%
2020年3月30日,11.01,11.32,11.45,10.2,44.72M,-5.17%
2020年3月31日,11.58,11.52,12.08,11.11,35.57M,5.18%
2020年4月1日,10.74,11.04,11.17,10.12,39.84M,-7.25%
2020年4月2日,12.77,11.48,13.91,11.2,79.14M,18.90%
2020年4月3日,13,13.83,14.2,11.51,92.06M,1.80%
2020年4月6日,13.44,12.6,13.5,12.43,52.07M,3.38%
2020年4月7日,13.84,14.18,15.2,13.62,54.73M,2.98%
2020年4月8日,15.56,14.2,15.68,14.05,48.99M,12.43%
2020年4月9日,15.36,16.7,18.27,14.27,110.85M,-1.29%
2020年4月13日,15.33,15.96,16.02,14.77,43.70M,-0.20%
2020年4月14日,14.9,15.4,15.82,14.64,40.66M,-2.80%
2020年4月15日,13.61,13.9,13.9,13,47.47M,-8.66%
2020年4月16日,12.2,13.63,13.66,12.16,40.45M,-10.36%
2020年4月17日,13.63,12.33,13.65,12.25,51.69M,11.72%
2020年4月20日,12.59,12.04,13.22,11.9,74.98M,-7.63%
2020年4月21日,12.34,12,12.39,11.5,62.59M,-1.99%
2020年4月22日,13.02,13.08,13.37,12.75,44.57M,5.51%
2020年4月23日,13.87,13.42,14.4,13.36,55.05M,6.53%
2020年4月24日,13.81,14.18,14.5,13.48,41.03M,-0.43%
2020年4月27日,14.15,13.35,14.29,12.75,39.97M,2.46%
2020年4月28日,15.17,14.46,15.26,14.3,46.18M,7.21%
2020年4月29日,16.78,15.94,16.88,15.82,59.58M,10.61%
2020年4月30日,16.6,16.89,17.24,15.85,44.49M,-1.07%
2020年5月1日,15.24,16.02,16.42,15.09,36.90M,-8.19%
2020年5月4日,15.52,14.37,15.57,14.16,37.20M,1.84%
2020年5月5日,15.32,16.46,16.81,15,49.50M,-1.29%
2020年5月6日,13.4,15.51,15.96,13.39,57.66M,-12.53%
2020年5月7日,13.88,13.86,14.52,13.7,35.57M,3.58%
2020年5月8日,15.02,14.31,15.05,14.1,31.35M,8.21%
2020年5月11日,15.03,14.89,15.25,14.64,22.90M,0.07%
2020年5月12日,14.58,15.26,15.38,14.55,27.10M,-2.99%
2020年5月13日,13.44,14.65,14.65,13.28,35.26M,-7.82%
2020年5月14日,13.76,13.15,14.15,12.75,32.06M,2.38%
2020年5月15日,13.82,13.69,14.28,13.51,27.76M,0.44%
2020年5月18日,15.07,14.8,15.23,14.66,39.94M,9.04%
2020年5月19日,14.37,15.19,15.19,14.36,28.71M,-4.64%
2020年5月20日,14.99,14.74,15.15,14.56,29.20M,4.31%
2020年5月21日,14.25,15,15.16,14.19,35.67M,-4.94%
2020年5月22日,14.13,14.16,14.23,13.67,26.33M,-0.84%
2020年5月26日,14.4,14.7,14.77,14.21,28.03M,1.91%
2020年5月27日,14.42,14.7,14.7,13.81,31.40M,0.14%
2020年5月28日,13.64,14.39,14.43,13.55,39.90M,-5.41%
2020年5月29日,12.95,13.54,13.54,12.72,61.38M,-5.06%
2020年6月1日,13.81,12.9,13.9,12.67,36.78M,6.64%
2020年6月2日,14.75,14.02,14.75,13.91,40.17M,6.81%
2020年6月3日,15.45,15.34,15.61,15.04,41.19M,4.75%
2020年6月4日,15.55,15.08,15.7,14.59,39.03M,0.65%
2020年6月5日,20.79,17.9,20.85,17.81,119.07M,33.70%
2020年6月8日,24.4,23.53,24.5,22,131.29M,17.36%
2020年6月9日,23.18,22.75,23.46,20.48,71.94M,-5.00%
2020年6月10日,20.76,22.02,22.35,20.75,50.74M,-10.44%
2020年6月11日,17.41,17.84,19.18,17.26,61.26M,-16.14%
2020年6月12日,18.5,18.88,19.6,17.65,44.94M,6.26%
2020年6月15日,19.05,17.34,19.46,17.1,46.13M,2.97%
2020年6月16日,20.29,20.47,20.95,19.13,57.50M,6.51%
2020年6月17日,19.04,19.91,20.05,19.04,38.37M,-6.16%
2020年6月18日,19.67,18.82,20.32,18.65,36.05M,3.31%
2020年6月19日,19.71,20.7,20.96,19.67,70.26M,0.20%
2020年6月22日,19.91,19.85,20.11,19.39,30.12M,1.01%
2020年6月23日,19.79,20.26,20.52,19.63,33.86M,-0.60%
2020年6月24日,18,19.24,19.32,17.67,32.32M,-9.04%
2020年6月25日,18.54,17.8,18.9,17.55,23.33M,3.00%
2020年6月26日,17.69,18.2,18.34,17.35,31.83M,-4.58%
2020年6月29日,17.86,17.85,18.01,17.34,24.50M,0.96%
2020年6月30日,18.3,17.77,18.35,17.27,26.53M,2.46%
2020年7月1日,17.41,18.32,18.83,17.41,32.86M,-4.86%
2020年7月2日,17.78,17.92,18.63,17.61,28.13M,2.13%
2020年7月6日,18.18,18.21,18.54,17.78,23.93M,2.25%
2020年7月7日,17.15,17.9,17.94,17.14,20.12M,-5.67%
2020年7月8日,17.28,17.27,17.47,16.71,20.48M,0.76%
2020年7月9日,16.28,17.2,17.26,16.26,22.12M,-5.79%
2020年7月10日,16.71,16.06,16.75,15.95,17.58M,2.64%
2020年7月13日,16.16,16.76,16.81,16,21.67M,-3.29%
2020年7月14日,16.68,15.95,16.76,15.75,19.74M,3.22%
2020年7月15日,17.18,17.29,17.73,16.9,22.80M,3.00%
2020年7月16日,17.01,16.9,17.4,16.57,15.46M,-0.99%
2020年7月17日,16.28,17.04,17.35,16.16,21.09M,-4.29%
2020年7月20日,15.69,16.25,16.45,15.68,21.26M,-3.62%
2020年7月21日,17.41,16.12,18.03,16.07,44.47M,10.96%
2020年7月22日,16.95,17.12,17.14,16.65,16.99M,-2.64%
2020年7月23日,16.82,16.71,17.07,16.57,14.04M,-0.77%
2020年7月24日,16.74,16.82,17.28,16.63,12.78M,-0.48%
2020年7月27日,16.7,16.73,16.9,16.41,13.96M,-0.24%
2020年7月28日,16.35,16.48,16.78,16.31,12.86M,-2.10%
2020年7月29日,17.03,16.53,17.04,16.45,16.38M,4.16%
2020年7月30日,15.77,16.55,16.63,15.75,29.34M,-7.40%
2020年7月31日,15.74,15.81,15.84,15.41,15.45M,-0.19%
2020年8月3日,15.25,15.75,15.76,15.1,22.89M,-3.11%
2020年8月4日,15.74,15.15,16,15.13,21.70M,3.21%
2020年8月5日,15.94,16.42,16.49,15.86,24.68M,1.27%
2020年8月6日,15.45,15.91,16.01,15.38,18.75M,-3.07%
2020年8月7日,15.45,15.46,15.55,14.96,20.96M,0.00%
2020年8月10日,16.48,15.67,16.48,15.62,26.72M,6.67%
2020年8月11日,15.16,16.44,16.74,15.1,41.89M,-8.01%
2020年8月12日,14.92,15.5,15.55,14.85,31.80M,-1.58%
2020年8月13日,14.6,14.95,15.25,14.54,28.46M,-2.14%
2020年8月14日,14.64,14.5,14.72,14.36,21.27M,0.27%
2020年8月17日,13.91,14.47,14.51,13.73,31.11M,-4.99%
2020年8月18日,13.95,13.93,14.19,13.83,16.76M,0.29%
2020年8月19日,13.82,13.93,14.12,13.75,18.14M,-0.93%
2020年8月20日,13.4,13.52,13.73,13.25,21.87M,-3.04%
2020年8月21日,13.16,13.39,13.42,12.93,22.67M,-1.79%
2020年8月24日,13.62,13.13,13.72,13.03,18.72M,3.50%
2020年8月25日,13.51,13.81,14.03,13.31,16.30M,-0.81%
2020年8月26日,12.96,13.42,13.47,12.95,19.79M,-4.07%
2020年8月27日,13.04,13.02,13.14,12.72,20.13M,0.62%
2020年8月28日,13.13,12.96,13.22,12.89,14.11M,0.69%
2020年8月31日,12.74,13.16,13.17,12.73,17.91M,-2.97%
2020年9月1日,12.48,12.59,12.62,12.33,23.05M,-2.04%
2020年9月2日,12.4,12.32,12.66,12.28,19.13M,-0.64%
2020年9月3日,12.59,12.35,12.9,12.35,26.08M,1.53%
2020年9月4日,12.25,12.72,12.84,12.12,22.77M,-2.70%
2020年9月8日,11.06,11.87,11.98,11.02,36.64M,-9.71%
2020年9月9日,11.07,11.21,11.21,10.9,22.10M,0.09%
2020年9月10日,10.19,11.05,11.08,10.18,43.47M,-7.95%
2020年9月11日,10.22,10.19,10.36,9.83,35.18M,0.29%
2020年9月14日,10.17,10.22,10.38,9.93,25.20M,-0.49%
2020年9月15日,10.71,10.23,10.88,10.2,34.68M,5.31%
2020年9月16日,11.64,10.87,12.03,10.65,53.22M,8.68%
2020年9月17日,11.86,11.2,12.03,11.17,27.86M,1.89%
2020年9月18日,11.65,11.79,12.09,11.47,40.72M,-1.77%
2020年9月21日,11.29,11.09,11.32,10.9,23.03M,-3.09%
2020年9月22日,11.08,11.33,11.59,11.03,17.45M,-1.86%
2020年9月23日,10.41,11.13,11.27,10.39,24.50M,-6.05%
2020年9月24日,10.64,10.34,10.87,10.16,22.87M,2.21%
2020年9月25日,10.22,10.46,10.58,10.11,30.81M,-3.95%
2020年9月28日,10.34,10.42,10.65,10.31,22.62M,1.17%
2020年9月29日,9.99,10.34,10.35,9.87,29.58M,-3.38%
2020年9月30日,10.01,10.02,10.27,9.94,23.36M,0.20%
2020年10月1日,9.68,9.97,9.98,9.57,32.99M,-3.30%
2020年10月2日,9.87,9.25,9.9,9.23,28.57M,1.96%
2020年10月5日,10.51,10.1,10.52,10.01,24.67M,6.48%
2020年10月6日,10.13,10.67,10.78,10.04,29.49M,-3.62%
2020年10月7日,10.28,10.23,10.32,10.12,17.45M,1.48%
2020年10月8日,11.18,10.41,11.2,10.33,27.49M,8.75%
2020年10月9日,10.82,11.2,11.34,10.74,26.63M,-3.22%
2020年10月12日,10.81,10.64,10.85,10.4,18.54M,-0.09%
2020年10月13日,10.52,10.76,10.96,10.44,15.52M,-2.68%
2020年10月14日,10.45,10.52,10.95,10.44,20.11M,-0.67%
2020年10月15日,10.61,10.23,10.61,10,18.91M,1.53%
2020年10月16日,10.09,10.51,10.53,10.07,19.24M,-4.90%
2020年10月19日,9.82,10.19,10.21,9.81,22.07M,-2.68%
2020年10月20日,10.07,9.92,10.2,9.83,17.40M,2.55%
2020年10月21日,9.66,9.86,9.96,9.66,22.78M,-4.07%
2020年10月22日,10.17,9.7,10.2,9.66,25.22M,5.28%
2020年10月23日,10.02,10.25,10.36,9.9,19.87M,-1.47%
2020年10月26日,9.46,9.79,9.84,9.34,26.75M,-5.59%
2020年10月27日,9.27,9.4,9.5,9.27,20.73M,-2.01%
2020年10月28日,8.88,8.98,9.16,8.78,30.99M,-4.21%
2020年10月29日,9.13,8.7,9.18,8.52,28.73M,2.82%
2020年10月30日,9.13,9,9.19,8.85,23.15M,0.00%
2020年11月2日,9.65,9.26,9.8,9.03,28.54M,5.70%
2020年11月3日,9.69,9.89,10.01,9.59,19.26M,0.41%
2020年11月4日,9.81,9.66,9.99,9.32,22.38M,1.24%
2020年11月5日,10.47,9.77,10.62,9.77,35.11M,6.73%
2020年11月6日,10.01,10.34,10.47,9.94,21.65M,-4.39%
2020年11月9日,12.23,11.55,12.7,11.44,60.44M,22.18%
2020年11月10日,12.38,12.08,12.45,11.65,31.41M,1.23%
2020年11月11日,11.9,12.69,12.7,11.74,28.60M,-3.88%
2020年11月12日,11.31,11.58,11.96,11.19,19.65M,-4.96%
2020年11月13日,11.8,11.4,11.93,11.37,16.91M,4.33%
2020年11月16日,12.7,12.5,12.71,12.25,24.35M,7.63%
2020年11月17日,12.99,12.36,12.99,12.26,18.67M,2.28%
2020年11月18日,12.87,13.08,13.71,12.86,29.66M,-0.92%
2020年11月19日,13.36,12.67,13.42,12.56,20.16M,3.81%
2020年11月20日,13.49,13.69,13.71,13.29,20.18M,0.97%
2020年11月23日,15.76,13.85,15.81,13.83,44.96M,16.83%
2020年11月24日,16.78,16.97,17.27,16.31,54.35M,6.47%
2020年11月25日,16.72,16.65,17.09,15.94,29.71M,-0.36%
2020年11月27日,16.56,16.72,16.95,16.34,13.27M,-0.96%
2020年11月30日,15.76,16.24,16.55,15.72,31.06M,-4.83%
2020年12月1日,15.13,15.9,16.14,14.97,31.36M,-4.00%
2020年12月2日,15.89,14.92,16.51,14.77,33.05M,5.02%
2020年12月3日,16.39,16.03,16.74,15.66,26.61M,3.15%
2020年12月4日,18.59,16.91,18.61,16.9,52.87M,13.42%
2020年12月7日,18.19,17.83,18.68,17.55,32.25M,-2.15%
2020年12月8日,19.13,17.86,19.3,17.82,32.92M,5.17%
2020年12月9日,19.39,19.65,20.4,18.82,44.63M,1.36%
2020年12月10日,21.31,19.4,21.61,19.3,52.29M,9.90%
2020年12月11日,20.89,21.21,21.35,20.35,30.94M,-1.97%
2020年12月14日,19.17,21.43,21.65,19.08,36.15M,-8.23%
2020年12月15日,19.84,19.56,20.18,18.82,26.90M,3.50%
2020年12月16日,19.45,19.77,19.88,19.24,17.05M,-1.97%
2020年12月17日,19.18,19.72,19.77,19.1,17.63M,-1.39%
2020年12月18日,18.52,19.07,19.48,18.45,38.21M,-3.44%
2020年12月21日,17.47,17.01,18.03,16.94,29.67M,-5.67%
2020年12月22日,16.92,17.5,17.57,16.88,21.54M,-3.15%
2020年12月23日,17.89,17.13,18.39,17.05,24.01M,5.73%
2020年12月24日,17.67,18.17,18.17,17.4,9.20M,-1.23%
2020年12月28日,17.4,17.72,18.11,17.35,14.62M,-1.53%
2020年12月29日,17.24,17.59,17.79,17.09,18.07M,-0.92%
2020年12月30日,17.91,17.21,18.14,17.14,16.52M,3.89%
2020年12月31日,17.31,17.81,17.92,17.3,15.19M,-3.35%
2021年1月4日,17.45,17.75,17.98,17.32,18.50M,0.81%
2021年1月5日,19.21,17.8,19.95,17.65,37.29M,10.09%
2021年1月6日,20,19.52,20.28,18.97,37.16M,4.11%
2021年1月7日,20.57,20.21,21.15,20.03,24.30M,2.85%
2021年1月8日,20.08,20.88,21.03,19.87,18.28M,-2.38%
2021年1月11日,20.08,19.25,20.18,19,15.17M,0.00%
2021年1月12日,22.62,20.59,22.79,20.27,37.33M,12.65%
2021年1月13日,22.33,22.69,22.78,22.13,19.53M,-1.28%
2021年1月14日,24.24,22.84,24.6,22.62,29.88M,8.55%
2021年1月15日,22.39,23.45,23.71,22.36,24.70M,-7.63%
2021年1月19日,23.07,23.05,23.75,22.87,21.93M,3.04%
2021年1月20日,23.02,23.27,23.53,22.75,14.74M,-0.22%
2021年1月21日,21.54,22.91,22.99,21.44,19.33M,-6.43%
2021年1月22日,21.49,20.67,21.6,20.26,17.64M,-0.23%
2021年1月25日,21.51,21,21.62,20.67,15.40M,0.09%
2021年1月26日,20.38,21.9,22.42,20.35,19.14M,-5.25%
2021年1月27日,20.58,19.99,21.66,19.46,25.69M,0.98%
2021年1月28日,20.95,20.8,21.49,20.23,16.44M,1.80%
2021年1月29日,20.06,20.66,21.38,19.73,19.97M,-4.25%
2021年2月1日,20.39,20.63,20.75,19.8,13.69M,1.65%
2021年2月2日,20.73,21.49,21.77,20.62,15.51M,1.67%
2021年2月3日,22.02,20.98,22.16,20.86,18.31M,6.22%
2021年2月4日,22.3,22.33,22.59,21.66,13.25M,1.27%
2021年2月5日,22.56,22.83,23.14,22.2,13.23M,1.17%
2021年2月8日,25.45,23.02,25.5,23,31.51M,12.81%
2021年2月9日,24.65,24.6,25.15,24.1,20.76M,-3.14%
2021年2月10日,25.6,24.83,25.79,24.8,22.40M,3.85%
2021年2月11日,24.98,25.4,25.41,24.08,15.23M,-2.42%
2021年2月12日,25.39,24.69,25.75,24.56,12.38M,1.64%
2021年2月16日,26.46,26.66,26.95,25.88,19.26M,4.21%
2021年2月17日,26.73,26.84,27.18,25.85,15.20M,1.02%
2021年2月18日,25.28,26.45,26.73,25.21,15.31M,-5.42%
2021年2月19日,25.42,25.32,25.9,25.03,14.94M,0.55%
2021年2月22日,26.47,25.99,27.46,25.82,22.82M,4.13%
2021年2月23日,26.06,26.29,26.65,24.42,22.59M,-1.55%
2021年2月24日,28.16,26.5,28.68,25.96,27.79M,8.06%
2021年2月25日,26.75,28.17,28.54,26.45,21.14M,-5.01%
2021年2月26日,26.61,26.26,27.01,25.2,21.63M,-0.52%
2021年3月1日,27.64,27.37,28.28,27.01,16.19M,3.87%
2021年3月2日,27.82,27.59,28.51,27.32,16.56M,0.65%
2021年3月3日,28.66,28,29.45,28,20.38M,3.02%
2021年3月4日,29.9,29.18,30.63,28.54,39.49M,4.33%
2021年3月5日,31.23,31.59,32.52,30,42.03M,4.45%
2021年3月8日,29.77,31.68,31.9,29.63,22.68M,-4.67%
2021年3月9日,28.65,29.22,29.72,28.21,23.87M,-3.76%
2021年3月10日,29.36,28.85,29.63,28.54,24.10M,2.48%
2021年3月11日,30.98,29.94,31.83,29.77,21.98M,5.52%
2021年3月12日,30.63,30.7,31.27,30.46,16.11M,-1.13%
2021年3月15日,29.3,30.04,30.31,28.77,19.58M,-4.34%
2021年3月16日,28.17,28.6,29.24,27.79,16.90M,-3.86%
2021年3月17日,29.04,28.04,29.13,27.94,16.24M,3.09%
2021年3月18日,26.62,28.49,28.67,26.51,24.42M,-8.33%
2021年3月19日,28.1,27,28.56,26.7,29.56M,5.56%
2021年3月22日,27.46,27.82,28.23,27.27,14.20M,-2.28%
2021年3月23日,26.59,26.38,27.28,26.09,20.61M,-3.17%
2021年3月24日,27.06,27.5,27.97,26.96,15.60M,1.77%
2021年3月25日,26.7,26.3,26.78,25.35,18.17M,-1.33%
2021年3月26日,27.76,27.74,27.9,26.86,16.27M,3.97%
2021年3月29日,27,27.31,27.34,26.36,13.91M,-2.74%
2021年3月30日,27.33,26.69,27.71,26.54,9.80M,1.22%
2021年3月31日,26.62,27.33,27.41,26.61,15.99M,-2.60%
2021年4月1日,27.38,26.82,27.82,26.41,27.31M,2.85%
2021年4月5日,25.31,27,27.15,25.07,32.08M,-7.56%
2021年4月6日,25.35,25.62,26.19,25.25,20.23M,0.16%
2021年4月7日,25.3,25.49,25.67,25.01,14.35M,-0.20%
2021年4月8日,24.73,24.92,24.95,24.24,14.91M,-2.25%
2021年4月9日,24.59,24.75,25.03,24.37,10.38M,-0.57%
2021年4月12日,24.23,24.78,25.16,23.94,15.39M,-1.46%
2021年4月13日,24.29,24.17,24.52,23.92,11.11M,0.25%
2021年4月14日,25.55,25,26.05,24.92,26.39M,5.19%
2021年4月15日,24.86,25.34,25.35,24.68,13.54M,-2.70%
2021年4月16日,24.38,25,25.18,24.25,11.49M,-1.93%
2021年4月19日,24.54,24.48,25.11,24.24,11.16M,0.66%
2021年4月20日,23.2,24.5,24.51,22.97,18.74M,-5.46%
2021年4月21日,24.45,22.45,24.47,22.4,19.50M,5.39%
2021年4月22日,24.1,24.57,24.71,23.92,16.45M,-1.43%
2021年4月23日,24.65,24.25,24.8,23.77,10.83M,2.28%
2021年4月26日,24.9,24.43,25.14,24.41,12.52M,1.01%
2021年4月27日,25.09,25.11,25.4,24.65,13.88M,0.76%
2021年4月28日,26.1,25.35,26.24,25.31,20.74M,4.03%
2021年4月29日,25.94,26.56,26.98,25.66,18.23M,-0.61%
2021年4月30日,25.36,25.55,26.31,25.29,14.84M,-2.24%
2021年5月3日,26.14,25.65,26.28,25.38,13.38M,3.08%
2021年5月4日,25.86,26.51,26.57,25.12,15.04M,-1.07%
2021年5月5日,27.05,26.3,27.34,25.91,19.85M,4.60%
2021年5月6日,26.65,27.1,27.2,26.01,14.46M,-1.48%
2021年5月7日,27.39,26.02,27.54,25.85,17.63M,2.78%
2021年5月10日,26.63,27.71,28.13,26.56,19.19M,-2.77%
2021年5月11日,24.53,25.4,25.61,24.3,30.53M,-7.89%
2021年5月12日,25.12,24.64,26.47,24.58,26.92M,2.41%
2021年5月13日,23.71,24.69,25.24,23.32,20.69M,-5.61%
2021年5月14日,25.1,24.12,25.4,24.12,19.64M,5.86%
2021年5月17日,26.39,25.24,26.41,24.94,17.23M,5.14%
2021年5月18日,25.87,26.34,26.83,25.8,15.99M,-1.97%
2021年5月19日,25.07,24.96,25.61,24.65,18.16M,-3.09%
2021年5月20日,24.95,25.14,25.22,24.49,14.55M,-0.48%
2021年5月21日,25.12,25.38,25.66,25.03,13.21M,0.68%
2021年5月24日,25.44,25.38,25.55,24.9,13.10M,1.27%
2021年5月25日,24.62,25.4,25.59,24.59,13.77M,-3.22%
2021年5月26日,25.29,24.67,25.44,24.55,14.08M,2.72%
2021年5月27日,26.07,25.79,26.19,25.59,19.89M,3.08%
2021年5月28日,25.96,26.11,26.25,25.78,10.13M,-0.42%
2021年6月1日,28.47,26.67,28.49,26.66,27.70M,9.67%
2021年6月2日,29.23,28.68,29.88,28.02,28.27M,2.67%
2021年6月3日,29.28,29.21,30.05,28.73,19.50M,0.17%
2021年6月4日,29.14,29.44,29.91,28.61,16.13M,-0.48%
2021年6月7日,29.16,29.32,29.79,28.98,10.04M,0.07%
2021年6月8日,29.19,29.09,29.49,28.48,12.13M,0.10%
2021年6月9日,28.35,29.49,29.69,28.34,15.37M,-2.88%
2021年6月10日,28.33,29.05,29.29,27.91,14.21M,-0.07%
2021年6月11日,28.33,28.52,28.96,28.21,10.86M,0.00%
2021年6月14日,28.28,28.66,29.38,27.98,13.83M,-0.18%
2021年6月15日,29.2,28.41,29.26,28.36,13.09M,3.25%
2021年6月16日,30.54,28.92,30.69,28.5,42.71M,4.59%
2021年6月17日,28.22,30.27,30.69,27.82,39.32M,-7.60%
2021年6月18日,27.99,28.17,28.84,27.85,24.07M,-0.82%
2021年6月21日,29.5,28.16,29.59,28.16,18.63M,5.39%
2021年6月22日,30.01,29.36,30.07,29.03,15.20M,1.73%
2021年6月23日,30.96,30.65,31.84,30.57,24.07M,3.17%
2021年6月24日,31.74,30.74,31.77,30.43,15.18M,2.52%
2021年6月25日,32.91,31.9,33.01,31.55,25.21M,3.69%
2021年6月28日,31.24,32.61,32.63,31.04,17.43M,-5.07%
2021年6月29日,31.3,31.5,32.36,31.12,15.62M,0.19%
2021年6月30日,31.27,31.7,31.88,31,12.82M,-0.10%
2021年7月1日,32.86,32.96,33.49,32.21,23.10M,5.08%
2021年7月2日,32.58,32.42,32.86,32.03,10.67M,-0.85%
2021年7月6日,30.51,32.43,32.43,30.36,21.47M,-6.35%
2021年7月7日,29.48,30.8,31.17,29.02,20.24M,-3.38%
2021年7月8日,29.66,28.52,29.91,28.52,16.38M,0.61%
2021年7月9日,30.24,30.22,30.4,29.57,13.11M,1.96%
2021年7月12日,29.99,29.55,30.3,29.31,11.17M,-0.83%
2021年7月13日,30.08,29.78,30.27,29.5,11.04M,0.30%
2021年7月14日,27.83,30.21,30.62,27.64,22.82M,-7.48%
2021年7月15日,27.23,27.63,28.25,26.93,18.36M,-2.16%
2021年7月16日,25.94,27.5,27.59,25.87,18.51M,-4.74%
2021年7月19日,24.82,24.39,25.11,23.9,28.38M,-4.32%
2021年7月20日,25.37,24.8,25.8,24.52,17.07M,2.22%
2021年7月21日,27.18,25.87,27.55,25.87,19.63M,7.13%
2021年7月22日,27.01,27.14,27.34,26.44,12.46M,-0.63%
2021年7月23日,26.58,27.04,27.07,26.25,9.50M,-1.59%
2021年7月26日,27.12,26.77,27.6,26.72,11.08M,2.03%
2021年7月27日,26.26,26.66,26.84,25.9,12.87M,-3.17%
2021年7月28日,26.9,26.65,27.22,26.07,11.77M,2.44%
2021年7月29日,26.78,27.38,27.41,26.68,11.72M,-0.45%
2021年7月30日,26.1,26.51,26.81,25.92,15.12M,-2.54%
2021年8月2日,25.79,26.12,27.05,25.73,13.88M,-1.19%
2021年8月3日,26.43,25.57,26.44,25.22,15.22M,2.48%
2021年8月4日,25.69,25.99,26.88,25.45,20.78M,-2.80%
2021年8月5日,26.19,25.96,26.82,25.88,12.98M,1.95%
2021年8月6日,26.39,26.68,27.08,26.23,12.86M,0.76%
2021年8月9日,25.61,25.57,26.13,25.35,12.03M,-2.96%
2021年8月10日,26.26,25.75,26.42,25.67,13.27M,2.54%
2021年8月11日,26.84,26.33,26.84,26,15.22M,2.21%
2021年8月12日,26.87,26.77,26.98,26.28,9.22M,0.11%
2021年8月13日,25.79,26.76,26.87,25.75,12.00M,-4.02%
2021年8月16日,24.79,25.2,25.26,24.42,16.28M,-3.88%
2021年8月17日,24.08,24.59,24.89,23.92,15.95M,-2.86%
