time,LSTM,CNN,GRU,bilstm,cnn-bilstm,cnn-gru,cnn-gru-attention,emd-cnn-gru-attention,eemd-cnn-gru-attention,iceemdan-cnn-gru-attention,vmd-cnn-gru-attention,iceemdan-cnn-gru-attention-arima,vmd-cnn-gru-attention-arima,vmd-cnn-gru-attention-vmd-arima
2017/9/6 23:45,14.6804,14.898942,13.934323,14.919049,14.70181,14.919452,14.776761,14.446597,13.995404,13.89031778,14.02131943,13.88984691,13.91037111,13.81380861
2017/9/7 0:00,13.81832,13.97184,12.99512,14.046012,13.774429,13.940699,13.711747,13.767621,13.407175,13.28035446,13.12348302,12.97526106,12.85782385,12.88800963
2017/9/7 0:15,12.778443,12.984416,11.77941,13.074005,13.124933,13.232098,12.804893,13.361947,13.175758,13.28881635,13.59485275,13.38941209,13.57274467,13.50517041
2017/9/7 0:30,13.103815,13.427689,12.945476,13.538937,13.790462,13.922972,13.522738,13.181021,12.846838,13.04477365,12.86362049,13.05226456,12.87787016,12.85438475
2017/9/7 0:45,12.466281,12.704983,11.801645,12.818848,12.919236,12.937957,12.633744,12.168559,11.626589,11.60580217,11.72212684,11.48771534,11.63199905,11.59705419
2017/9/7 1:00,11.359339,11.594255,10.660969,11.701357,11.874331,11.820564,11.428144,11.707639,11.19608,11.31990746,11.20919852,11.26456827,11.15826169,11.2035317
2017/9/7 1:15,10.827885,11.166846,10.53707,11.302026,11.838149,11.777903,11.153168,11.965289,11.873634,12.31638641,12.09658529,12.40011318,12.19031046,12.22919544
2017/9/7 1:30,11.632776,12.025993,11.851239,12.181117,12.78785,12.774175,12.272975,12.492856,12.262914,12.53916535,12.3394222,12.51087797,12.4501478,12.4982908
2017/9/7 1:45,11.944651,12.292388,11.9942,12.392618,12.748256,12.636695,12.395446,12.059425,11.507368,11.50107092,11.46521643,11.47440923,11.50676036,11.43049801
2017/9/7 2:00,11.209516,11.474502,11.054536,11.555463,11.60039,11.466715,11.290011,11.116457,10.81974,10.88635631,11.01616396,10.92339073,10.92078869,10.97733559
2017/9/7 2:15,10.686456,10.991958,10.634138,11.089241,11.472462,11.36138,10.920352,10.603035,10.545206,10.66442725,10.85722813,10.71639928,10.93965619,10.77733963
2017/9/7 2:30,10.497471,10.803661,10.345233,10.893128,11.053429,10.973209,10.744816,10.356746,10.402659,10.32617428,10.32074882,10.24547358,10.36660721,10.21411484
2017/9/7 2:45,10.071764,10.371501,9.7654257,10.482293,10.331831,10.22114,10.230378,10.490479,10.300888,10.25427031,10.54900173,10.35858859,10.49216061,10.51298352
2017/9/7 3:00,10.310957,10.686235,10.444727,10.807871,11.107631,10.975757,10.6625,10.313189,10.25345,10.3377845,10.35142891,10.28180076,10.52210246,10.32716221
2017/9/7 3:15,10.208366,10.500424,10.103778,10.606462,10.597543,10.440487,10.306981,10.37284,10.14115,10.1807956,10.30289878,10.23837402,10.31511264,10.27545021
2017/9/7 3:30,10.045555,10.349086,9.9405403,10.451453,10.541653,10.380699,10.235162,10.269286,10.26635,10.17404684,10.27479093,10.21591115,10.22377129,10.29113861
2017/9/7 3:45,9.9524755,10.312076,10.002488,10.409781,10.682746,10.51821,10.217015,10.345148,10.666905,10.67306419,10.50149424,10.67568447,10.53513652,10.50804129
2017/9/7 4:00,10.157733,10.517049,10.327864,10.639001,10.794863,10.644388,10.480626,10.545145,11.320932,11.49473349,12.02498045,11.62744361,11.98567633,12.14544599
2017/9/7 4:15,11.45457,11.915656,12.193217,12.015252,12.853735,12.681987,12.189,10.560371,11.031675,10.8232276,11.05143278,10.6689482,11.09122193,11.03050622
2017/9/7 4:30,10.842486,11.084436,10.69348,11.121439,10.838468,10.647053,10.787949,10.081511,9.9573803,9.71935004,10.27577896,9.874497832,10.15616589,10.21122238
2017/9/7 4:45,10.109831,10.391919,10.065278,10.465071,10.418166,10.273576,10.212392,9.5561161,9.5804672,9.551890308,10.336207,9.532552749,10.35501431,10.17440088
2017/9/7 5:00,9.9827423,10.337654,10.037229,10.397331,10.702435,10.579449,10.202319,8.8361988,9.5408659,9.47355277,10.37775367,9.442650886,10.3164214,10.2155195
2017/9/7 5:15,10.140192,10.442395,10.075934,10.545132,10.25453,10.156433,10.306085,9.2486677,10.468702,10.23385113,9.836045041,10.2563585,9.789513994,9.628023589
2017/9/7 5:30,9.6466408,9.9452887,9.3014498,10.025493,9.8802557,9.6709023,9.655879,12.076699,13.387346,13.72171332,14.9396832,14.26399626,14.97492754,15.22531194
2017/9/7 5:45,13.966129,14.669989,16.454502,14.805301,15.82051,15.794234,15.602611,16.306259,15.779127,15.82743254,14.90649777,15.38740003,15.27709414,15.17632437
2017/9/7 6:00,14.38773,14.615431,14.807667,14.564781,14.512735,14.161595,14.472576,15.759065,15.071718,14.98919105,15.22331393,15.68602195,15.43248857,15.36210616
2017/9/7 6:15,14.571682,14.86036,15.641018,14.816368,15.307826,15.198655,15.009024,15.136497,15.029922,15.1210757,14.96603936,15.30820133,14.94757089,15.00889433
2017/9/7 6:30,14.141468,14.50644,14.68986,14.401846,14.6653,14.681753,14.470767,15.053534,15.226875,15.34234879,15.29996103,15.46325982,15.4503502,15.41665826
2017/9/7 6:45,14.959509,15.18106,15.865598,15.171645,15.684737,15.769485,15.252494,15.64663,15.528469,15.45603174,15.27717433,15.56300547,15.33492136,15.20502401
2017/9/7 7:00,14.794127,15.072962,15.025789,14.972789,14.852394,15.01717,15.011151,15.425272,15.154171,14.99156088,15.58402432,15.48702098,15.43161892,15.42186866
2017/9/7 7:15,15.466367,15.684839,16.378325,15.64734,15.236753,15.391969,15.514364,15.168831,15.660922,15.61522879,15.37333057,15.29703026,15.15813473,15.24429674
2017/9/7 7:30,15.100482,15.246141,15.16924,15.219337,14.870685,15.043404,15.090075,15.604542,15.396645,15.40015003,15.58202831,15.57638972,15.60444333,15.54931423
2017/9/7 7:45,15.318097,15.506612,15.849716,15.425978,15.373244,15.53058,15.398525,15.552347,15.654348,15.55529068,15.29255924,15.52513748,15.35937529,15.3237652
2017/9/7 8:00,14.853245,15.092983,14.870268,15.088066,14.949739,15.119342,15.060939,14.916955,15.430326,15.33765892,15.22768939,15.26294296,15.33523048,15.28589747
2017/9/7 8:15,14.878865,15.123731,15.08729,15.132601,15.079711,15.242687,15.113573,14.619215,15.253449,15.33216819,14.97732342,15.17269628,15.1457151,15.07114689
2017/9/7 8:30,14.646223,14.89087,14.635312,14.897552,14.783463,14.959943,14.85719,14.917616,15.138395,15.39968337,15.31802752,15.36927721,15.51732119,15.54769852
2017/9/7 8:45,15.057117,15.326694,15.438753,15.347625,15.391027,15.552298,15.411412,15.360555,15.200168,15.35553063,14.93981283,15.23779665,15.15738751,15.05768705
2017/9/7 9:00,14.662824,14.875836,14.550807,14.881141,14.686493,14.850404,14.791088,15.116166,15.156503,15.313202,15.31269243,15.18008129,15.23484161,15.37590534
2017/9/7 9:15,14.905501,15.171737,15.230931,15.198036,15.221641,15.384863,15.240603,15.3148,15.360351,15.73184936,15.76448248,15.65580306,15.78009513,15.73670488
2017/9/7 9:30,15.150784,15.431189,15.418132,15.437396,15.359718,15.525285,15.50502,15.249821,15.330412,15.61028993,15.45178321,15.48666408,15.42764728,15.39415549
2017/9/7 9:45,14.988182,15.195707,15.061477,15.195996,15.097738,15.246353,15.135706,15.296887,15.513826,15.80997653,16.01811046,15.82561775,15.89639975,15.95632228
2017/9/7 10:00,15.31824,15.620265,15.716471,15.633484,15.65787,15.815145,15.767769,15.68927,15.873765,16.11370343,15.91318214,15.95712934,15.9795009,16.00085312
2017/9/7 10:15,15.484348,15.719956,15.759998,15.714646,15.567225,15.722462,15.718637,16.051849,16.516054,16.65082486,16.29927943,16.63254321,16.48414792,16.43948699
2017/9/7 10:30,15.819462,16.07292,16.221024,16.080904,16.207663,16.336439,16.200008,16.719624,17.406139,17.52523751,17.23920059,17.61104317,17.40311983,17.43430128
2017/9/7 10:45,16.651836,16.961481,17.396385,16.934431,16.96978,17.087233,17.159231,17.626884,18.071978,18.30518022,17.91781194,18.1486863,18.0866689,17.99651499
2017/9/7 11:00,17.24877,17.485918,17.881367,17.461018,17.555571,17.754133,17.618387,18.304441,18.204716,18.55274515,18.3032883,18.62128754,18.44373983,18.37347897
2017/9/7 11:15,17.588985,17.827414,18.130093,17.759481,17.839155,18.055313,17.939016,18.069002,18.069361,18.33061508,1.80E+01,18.28424077,18.01530596,17.96274579
2017/9/7 11:30,17.381598,17.557226,17.599176,17.479185,17.332371,17.523838,17.495651,18.049526,18.308277,18.4005906,18.26553341,18.39022054,18.2021349,18.26557162
2017/9/7 11:45,17.61816,17.833942,18.001316,17.790108,17.975401,18.260702,17.93158,18.018385,18.259583,18.11398775,17.6954761,17.92456898,17.68981065,17.76598606
2017/9/7 12:00,17.340879,17.494255,17.336185,17.422241,17.237225,17.468863,17.389387,17.334925,17.368519,17.20296906,17.33755561,17.1799801,17.37369786,17.29598845
2017/9/7 12:15,16.991787,17.1408,16.924757,17.107748,16.981747,17.222847,17.037863,16.311886,16.276501,16.19198478,16.12013008,15.95736649,15.93956621,15.78691374
2017/9/7 12:30,15.714142,15.81236,14.920933,15.76929,15.232406,15.42567,15.474106,15.445621,15.98963,16.03648602,16.32744383,15.91827791,16.06553667,16.115387
2017/9/7 12:45,15.797241,16.017921,15.708355,16.047777,16.103357,16.278927,16.046669,16.352882,16.620684,16.73330316,16.52313676,16.48211187,16.5318027,16.45715913
2017/9/7 13:00,15.936597,16.176109,15.762482,16.201689,16.065203,16.209764,16.237606,16.782629,16.853779,16.95534204,16.96794949,16.82501005,16.95196758,16.99733127
2017/9/7 13:15,16.408274,16.650629,16.608519,16.696224,16.761412,16.91193,16.791086,16.603874,16.747387,16.86917299,16.61310861,16.66243776,16.58404564,16.62138857
2017/9/7 13:30,15.988286,16.2085,15.733339,16.214437,15.883473,16.018456,16.20352,16.439312,16.389029,16.49463714,16.72089149,16.38178693,16.72159337,16.64940466
2017/9/7 13:45,15.995786,16.225332,16.043207,16.243301,16.311108,16.452267,16.298937,16.242832,16.169615,16.28503791,16.28565891,16.06284084,16.18710692,16.07562682
2017/9/7 14:00,15.446033,15.668676,15.061164,15.66714,15.586568,15.758502,15.655829,16.12755,15.999976,16.06518045,16.01456653,16.05722789,15.86106426,15.86694336
2017/9/7 14:15,15.383087,15.622549,15.34843,15.64764,15.654507,15.82077,15.639915,16.673677,16.801292,17.05030469,17.00837004,16.93509904,16.90898845,16.92551655
2017/9/7 14:30,16.205847,16.536198,16.662857,16.57003,16.63306,16.774086,16.775398,17.587353,17.728088,17.98794088,17.87296767,17.89398114,17.79527357,1.78E+01
2017/9/7 14:45,17.138378,17.394707,17.763733,17.386387,17.437967,17.626839,17.550814,18.089851,18.11195,18.3057927,18.01048157,18.22421029,17.88694619,1.79E+01
2017/9/7 15:00,17.216988,17.427019,17.504639,17.388807,17.330639,17.491112,17.490292,17.850853,17.826538,17.98261645,18.00930167,18.0332826,17.91865957,17.9233933
2017/9/7 15:15,17.198393,17.422729,17.469143,17.369083,17.296091,17.458794,17.466114,17.033865,16.841824,16.95779265,16.72701414,16.71610267,16.66896048,16.66824586
2017/9/7 15:30,16.233097,16.364506,15.789126,16.315287,16.112043,16.256502,16.180552,16.279861,15.558612,15.72447051,15.45072681,15.66068353,15.46944404,15.35007206
2017/9/7 15:45,15.165854,15.314362,14.542232,15.291337,15.111873,15.300885,15.094296,16.103952,15.604369,15.93803098,15.8537468,15.89509076,15.80163887,15.87037962
2017/9/7 16:00,15.504255,15.788523,15.606954,15.819363,15.794474,15.965966,15.862126,16.631329,16.696077,16.94077345,16.30913544,16.63894201,16.34432443,16.46802148
2017/9/7 16:15,16.084499,16.31143,16.266382,16.348066,16.237303,16.383324,16.369066,16.894396,17.513544,17.61638852,16.86948139,17.53030733,17.0051408,17.13761653
2017/9/7 16:30,16.569942,16.807684,16.885628,16.819187,16.753937,16.858425,16.925241,17.046209,17.60359,17.73641192,17.53354294,17.58546268,17.68321268,17.73351504
2017/9/7 16:45,16.940216,17.201906,17.325918,17.190338,17.047903,17.146734,17.341925,16.996872,16.723412,16.74166598,16.06226684,16.41243253,16.13065247,16.05626146
2017/9/7 17:00,15.619046,15.716868,14.951308,15.692685,15.381879,15.538181,15.487652,16.611366,15.856903,15.99409715,15.87315988,15.87934053,15.83791429,15.80096586
2017/9/7 17:15,15.201124,15.460561,15.000316,15.470759,15.640999,15.811019,15.526727,16.44639,16.122211,16.30221708,15.95978408,16.07110014,16.0070021,15.9546864
2017/9/7 17:30,15.410014,15.693064,15.440646,15.716595,15.640719,15.821679,15.752518,16.268656,16.641483,16.81991555,16.29429216,16.51333268,16.2956826,16.35333828
2017/9/7 17:45,15.909068,16.139584,16.136255,16.188133,16.267719,16.427198,16.231834,16.152702,16.979946,17.16367769,16.63226743,16.98259889,16.63707598,16.73510972
2017/9/7 18:00,16.214178,16.472441,16.477224,16.45607,16.173227,16.280123,16.516737,16.484001,17.126381,17.33028441,16.94104289,17.1512264,17.01311068,17.0855201
2017/9/7 18:15,16.50494,16.721167,16.861107,16.720198,16.610212,16.731964,16.771788,17.573946,17.381762,17.47569476,16.87717604,17.07916472,16.95047523,16.93237162
2017/9/7 18:30,16.234165,16.442019,16.196735,16.415583,16.416534,16.547691,16.475571,18.759899,17.922169,17.84989722,17.20124323,17.7692558,17.1997456,17.16681707
2017/9/7 18:45,16.419147,16.681923,16.701147,16.662798,16.783157,16.936867,16.791613,19.844929,19.263515,19.42651996,18.90189899,19.18841164,18.86246062,19.00255367
2017/9/7 19:00,17.912798,18.281811,18.887196,18.296724,18.720131,19.013062,18.719282,20.147327,19.937908,20.22613686,19.21150104,19.90829018,19.34600875,19.3501224
2017/9/7 19:15,18.533152,18.741131,19.091566,18.67778,18.709829,19.012936,18.839939,19.194351,19.109102,19.57565972,20.1174207,19.40269276,20.11304214,20.19387074
2017/9/7 19:30,19.264488,19.524195,20.053484,19.441872,19.717888,20.070826,19.736994,17.362614,16.33679,16.42976402,16.80514013,15.88091023,16.74274139,16.47951385
2017/9/7 19:45,16.50482,16.432789,15.083762,16.28199,15.269032,15.444921,15.713415,14.723817,12.933443,12.78274646,12.81427771,12.53796508,12.47091427,12.12261258
2017/9/7 20:00,12.763957,12.685303,10.613716,12.654689,12.036863,11.833707,11.810339,13.272898,12.414123,12.35885007,11.16459034,12.17615041,10.59417822,10.57428155
2017/9/7 20:15,10.995857,11.21182,9.4975567,11.281404,11.62962,11.407464,10.763201,12.8716,13.754467,14.20789548,13.99479237,14.18772903,13.7363398,13.89513663
2017/9/7 20:30,13.607449,14.061864,14.173498,14.287495,14.927711,15.011192,14.545315,12.347874,13.280089,13.51813927,13.11384233,12.80609367,13.098814,13.04961402
2017/9/7 20:45,13.034409,13.184986,11.967954,13.290145,12.885272,12.409372,12.919212,9.7313004,9.8117352,9.79080722,11.00265919,9.952979304,10.71770143,10.76382976
2017/9/7 21:00,10.939055,11.055575,10.019678,11.164339,11.115335,10.860528,10.592871,7.5390663,6.6983609,6.56230164,6.892932805,5.941963206,6.512419516,6.450673966
2017/9/7 21:15,6.7825985,6.8191843,5.3812585,6.9417958,6.8095021,6.6406174,5.8789701,5.6362767,5.140573,5.24867182,5.549228614,4.977165826,5.205481666,5.119043725
2017/9/7 21:30,5.3581128,5.5720172,4.3898306,5.8421826,5.5635872,5.4934988,5.318851,4.7185912,5.149663,5.47636881,5.714949462,4.999530722,5.363051438,5.406589163
2017/9/7 21:45,5.4137659,5.8342156,4.9452829,6.1458545,6.4343171,6.0758324,5.8802428,4.0510893,3.9378791,4.12041118,4.347271812,3.908209187,4.017862185,3.981519096
2017/9/7 22:00,4.8640141,5.0338597,4.3428373,5.3570561,4.5456529,4.012115,4.4308844,4.2619729,3.3788471,3.45390651,3.499448261,3.220830241,2.992561625,3.034010878
2017/9/7 22:15,3.7885253,3.929136,3.1161661,4.2324004,4.4094443,3.8432107,3.4724112,5.9004622,5.2163367,5.53512831,5.332916805,5.441059119,4.886788675,5.230165593
2017/9/7 22:30,4.9972954,5.4250741,5.0108666,5.7056575,6.3790722,5.9808769,5.590764,9.1279621,9.3440256,9.96899919,9.640901955,9.887556258,9.660061081,9.860764945
2017/9/7 22:45,8.2669678,8.990283,9.3280458,9.2972975,10.719384,10.285038,9.7746,11.857822,11.98162,12.29576326,11.21486949,12.03326343,11.41380622,11.60451584
2017/9/7 23:00,10.150811,10.737749,11.023068,10.882555,11.748413,11.045568,10.881355,13.445302,13.093932,13.33604279,13.79482042,13.54222572,14.05184272,14.12850104
2017/9/7 23:15,12.482716,13.117824,14.149805,13.197853,14.758754,14.048609,13.531005,13.494886,12.924213,13.15974319,12.74860234,12.48373433,13.00258015,12.98325841
2017/9/7 23:30,12.08962,12.378994,12.533298,12.288697,12.858256,12.351876,12.049105,12.505685,11.804765,12.00791619,12.57751057,12.10452121,12.71399257,12.66035726
2017/9/7 23:45,12.115172,12.422659,12.739034,12.360682,12.763156,12.389836,12.265988,11.579721,11.549271,11.28885402,11.15231129,10.83644354,11.1429552,10.90007755
2017/9/8 0:00,11.027947,11.292179,10.801966,11.194353,10.793341,10.626811,10.694366,11.657951,12.085621,11.90370036,12.08274121,11.85781226,11.69499038,11.82871004
2017/9/8 0:15,12.167631,12.450048,13.006708,12.482088,12.367231,12.344152,12.276582,13.625289,14.025778,14.05708496,14.04249572,13.70666098,13.8275934,13.83800333
2017/9/8 0:30,13.692199,14.029323,14.614738,13.98208,14.074307,14.085934,14.053678,14.43548,14.546077,14.46435431,14.75887254,14.43715218,14.56752252,14.47459683
2017/9/8 0:45,14.390645,14.563692,15.288353,14.508641,14.318383,14.17149,14.387991,14.407486,14.482308,14.25514003,14.532237,14.10981374,14.17372597,14.24501194
2017/9/8 1:00,13.720271,13.95464,14.044001,13.913808,14.092304,14.051871,13.878055,13.869871,13.74006,13.38076377,13.71778639,13.16864779,13.5067863,13.61917232
2017/9/8 1:15,13.157823,13.392197,13.485932,13.35585,13.652108,13.602951,13.240849,13.591854,13.590024,13.26356767,12.95470046,13.11953884,12.88291063,12.9165888
2017/9/8 1:30,12.456584,12.716562,12.307491,12.753015,13.019363,12.981161,12.66426,13.443048,13.594099,13.42251472,13.54397412,13.29319892,13.42624263,13.44045369
2017/9/8 1:45,13.037161,13.396764,13.496177,13.428222,13.707252,13.795362,13.469634,13.670331,13.807701,13.64251208,13.45649576,13.47866085,13.09691663,13.25833669
2017/9/8 2:00,13.113203,13.368864,13.262522,13.411874,13.311954,13.347962,13.238229,13.942423,13.787008,13.59363612,13.78983456,13.33793084,13.4799585,13.35334012
2017/9/8 2:15,13.177731,13.411879,13.384592,13.440501,13.51121,13.541866,13.321512,13.239836,13.609951,13.53955475,14.08143656,13.49031995,13.63591658,13.67113726
2017/9/8 2:30,13.259754,13.542067,13.559016,13.553903,13.783508,13.839255,13.528877,12.787335,13.070369,12.96577505,13.24115164,12.59333172,12.88856811,12.79999231
2017/9/8 2:45,12.525299,12.731936,12.324973,12.769608,12.824192,12.809069,12.562795,12.373916,12.564158,12.54471878,12.47207836,12.33893359,12.14658091,12.04251564
2017/9/8 3:00,11.767261,12.044062,11.515848,12.096689,12.359289,12.332104,11.925193,12.735711,12.97342,13.16705739,13.95653357,13.07518274,13.66692851,13.66621588
2017/9/8 3:15,13.004641,13.436862,13.790677,13.524562,14.056983,14.144367,13.725434,13.563442,12.973258,13.03770214,12.81976514,12.39589076,12.69443191,12.49685559
2017/9/8 3:30,12.324396,12.512356,11.926188,12.549368,12.334246,12.279944,12.253528,12.755215,12.433412,12.36222106,12.57541959,12.43313322,12.19277318,12.36638991
2017/9/8 3:45,12.093475,12.382316,12.210345,12.447435,12.775456,12.742765,12.354792,12.748078,12.862823,13.01664058,12.84986074,12.60657683,12.68774102,12.89334748
2017/9/8 4:00,12.385065,12.746315,12.739505,12.800044,13.279922,13.29841,12.800861,12.805473,13.2679,13.57882288,13.28117601,13.33065574,13.2298489,13.34741124
2017/9/8 4:15,12.85814,13.133047,13.179425,13.211383,13.491979,13.478802,13.218143,13.057032,13.139975,13.37610789,13.35658787,13.07419986,13.05915349,13.17203752
2017/9/8 4:30,12.652356,12.976277,12.741544,12.990102,13.287882,13.261014,12.967769,13.475027,13.098598,13.14596013,13.40966652,13.10047977,13.03046716,13.12065115
2017/9/8 4:45,12.750717,13.055043,13.16879,13.105762,13.330378,13.322673,13.016761,13.906055,13.944901,14.12659635,13.83310284,13.67496821,13.57029723,13.80439412
2017/9/8 5:00,13.210754,13.533368,13.634076,13.586131,13.998409,14.033258,13.678588,14.149722,14.831121,14.96593247,15.08666865,14.80041012,15.13133414,15.18172655
2017/9/8 5:15,14.433943,14.80077,15.42046,14.80006,15.121778,15.189234,15.031491,15.251793,15.451236,15.48284214,14.84395448,15.22978819,14.81712831,14.99578092
2017/9/8 5:30,14.449731,14.715519,14.84598,14.707313,14.645938,14.687096,14.696176,16.745537,16.233818,16.3690622,15.81736439,16.12261204,15.98161443,16.00307707
2017/9/8 5:45,15.289522,15.614888,16.248869,15.603945,15.760469,15.869955,15.806473,17.335756,17.351,17.78312141,17.90496122,17.60599052,18.13225889,18.32290036
2017/9/8 6:00,17.194548,17.58399,18.718178,17.537306,17.90452,18.059631,18.007845,17.688219,17.538246,17.78466249,15.87344831,17.17288967,16.24331736,16.14154563
2017/9/8 6:15,15.869955,15.906774,15.593001,15.792015,15.279389,15.382257,15.491044,17.890669,18.581135,19.19963793,19.8822843,19.64454456,20.06228852,20.26507527
2017/9/8 6:30,18.841505,19.398468,21.036221,19.367844,20.410679,20.757082,20.223177,20.13759,19.452667,19.61542237,18.10976271,18.59721717,18.2838084,18.25005719
2017/9/8 6:45,17.880396,17.909939,17.644756,17.721638,16.729639,16.83688,17.421051,19.210083,18.395744,18.49341948,18.49974482,18.69670263,18.46999039,18.32231463
2017/9/8 7:00,17.910563,18.032658,18.56691,17.986866,18.85615,19.349102,18.108437,18.222315,18.423504,18.62225287,18.42473372,18.25898103,18.0046331,18.00544665
2017/9/8 7:15,17.413195,17.667902,17.384777,17.501513,16.595104,16.692686,17.521549,16.9673,17.782135,17.84874702,18.4739649,17.53776043,18.08483922,18.02440828
2017/9/8 7:30,17.861776,17.927824,18.325605,17.94105,18.459658,18.962511,17.864182,16.238735,16.704847,16.55250992,17.05949157,15.89184562,16.60071067,16.38126419
2017/9/8 7:45,16.113079,16.223753,14.98558,16.119677,15.549455,15.701219,15.913165,15.929865,15.358902,15.1257936,15.23279232,15.10461304,14.63277208,14.5893016
2017/9/8 8:00,14.909274,14.986102,14.258504,14.968457,14.385376,14.589861,14.481573,16.828178,17.690765,18.11989031,18.95772853,17.66568301,18.42893798,18.88739767
2017/9/8 8:15,17.577806,18.097765,18.766516,18.232918,19.086645,19.415373,18.98527,17.885891,18.357691,18.2594023,17.67090847,17.37940539,17.74079856,17.50767998
2017/9/8 8:30,17.130478,17.179104,16.650934,17.08279,16.460388,16.552713,16.829399,17.655903,17.051865,17.11446701,17.43448723,17.26573576,17.09200038,17.18895796
2017/9/8 8:45,16.501097,16.725376,16.417999,16.786366,16.975693,17.136681,16.872953,17.822567,16.847956,17.02247187,16.39607468,16.53476788,16.00150678,16.04183383
2017/9/8 9:00,15.453145,15.679962,14.811937,15.620144,14.982843,15.245198,15.474954,17.57679,17.631271,18.04921003,17.74297132,17.85677223,17.43284586,17.65720934
2017/9/8 9:15,16.802542,17.06724,17.466368,17.159319,18.346985,18.790384,17.481489,16.948471,17.595524,17.78615079,18.11729034,17.30412321,17.97673696,18.03136427
2017/9/8 9:30,17.067694,17.388165,17.13616,17.330776,17.227423,17.380281,17.566862,15.538788,15.103792,14.81994384,15.02098606,14.842582,14.79649312,14.61977199
2017/9/8 9:45,14.941296,14.919941,13.976822,14.902952,13.906736,14.071515,14.224288,14.873734,14.492846,14.32880862,13.82810252,13.80960079,13.08751652,13.36172927
2017/9/8 10:00,13.286473,13.457981,12.267559,13.51564,13.571242,13.756488,13.244501,14.786068,15.600023,16.05564219,16.06757119,16.02065667,15.89857645,16.06595067
2017/9/8 10:15,15.361701,15.761641,16.20603,15.809466,16.335482,16.5173,16.157217,14.962595,16.274611,16.83403442,16.1523991,16.15417753,16.3394371,16.33123503
2017/9/8 10:30,15.669601,15.901039,15.59482,15.972336,16.019684,16.062889,16.028976,14.147783,14.828325,15.29940232,15.87952177,15.13718431,15.84546309,15.79229325
2017/9/8 10:45,15.310228,15.558406,15.341084,15.571253,15.139066,15.198288,15.502049,13.717917,13.600117,13.78381297,12.95059279,13.34329273,12.68643049,12.72157431
2017/9/8 11:00,12.719462,12.779799,11.568551,12.786606,12.538213,12.551436,12.18061,14.305905,14.783605,15.35334588,14.38343368,15.01087864,14.2888026,14.38469613
2017/9/8 11:15,13.598096,13.96128,13.902508,14.070373,14.976284,15.117106,14.364657,16.528105,16.560583,17.05893935,16.6784643,16.85518445,16.67764591,17.00019307
2017/9/8 11:30,15.744164,16.246374,16.814463,16.289108,16.738907,16.850456,16.810966,16.093544,15.083223,15.08398933,13.69702165,14.28341259,13.62613803,13.538247
2017/9/8 11:45,13.707207,13.712862,12.749701,13.738291,12.679138,12.6016,13.08097,12.832098,12.844781,12.84465689,13.03377649,13.09888684,12.56662454,12.74843993
2017/9/8 12:00,12.580713,12.848949,12.345046,12.900943,13.24448,13.36832,12.722199,11.17914,11.458505,11.66374808,11.33103309,10.79433579,10.99867888,11.05692984
2017/9/8 12:15,11.159508,11.296816,10.225524,11.313293,11.22916,11.037324,10.803945,10.409778,10.440269,10.59739762,10.47627149,10.12174968,10.23516574,10.13234899
2017/9/8 12:30,10.135785,10.341276,9.0326643,10.495581,10.024563,10.066079,10.194587,8.6889019,9.7863684,9.66354373,9.346675345,9.247979876,8.964492529,8.91600262
2017/9/8 12:45,9.0727015,9.4077692,8.3643875,9.5178032,9.747674,9.5014219,9.0080318,9.5332413,10.022386,9.927118314,10.01647394,9.449215026,9.681482261,9.875603718
2017/9/8 13:00,9.8708782,10.223581,10.083758,10.478648,10.616903,10.477761,10.24016,10.311323,10.710772,10.73007863,10.05650549,9.83420698,9.893642138,9.936854219
2017/9/8 13:15,9.6109562,9.8966808,8.9162626,10.028659,10.308265,10.075835,9.7316084,10.01164,10.065533,9.96269092,9.703901247,9.622204703,9.566660702,9.658992386
2017/9/8 13:30,9.3300905,9.6589622,9.27316,9.788928,9.8223228,9.5798063,9.4964123,9.3150787,9.3699713,9.266518864,9.492712292,8.849456432,9.300815851,9.404156589
2017/9/8 13:45,8.8054571,9.204855,8.85009,9.3913832,9.8106909,9.5818586,9.165947,7.2765174,6.9245038,6.46743277,6.247640955,5.530678409,6.002295835,5.737418075
2017/9/8 14:00,6.2783937,6.3463645,5.2975941,6.4785371,5.3003702,5.0353436,5.4254684,5.0655327,5.1446028,4.99660437,5.666890964,4.888634922,5.046067451,5.103837001
2017/9/8 14:15,5.4254107,5.725461,5.0017805,5.9600959,5.9092393,5.6465616,5.4894643,4.8741107,5.170681,5.13578515,4.899142238,4.547640778,4.423004101,4.532245988
2017/9/8 14:30,5.099402,5.3692646,4.4545336,5.5813394,5.2640743,4.9096837,4.9073329,4.5113134,5.5179982,5.55255938,5.525733491,5.214732985,5.080325896,5.115996297
2017/9/8 14:45,5.5234356,5.804781,4.8389578,6.0970836,5.530128,5.1118302,5.6090989,4.1727686,5.4884515,5.323159129,5.308826062,4.927075392,4.68753077,4.881115568
2017/9/8 15:00,5.1589885,5.4484639,4.4405737,5.6470037,5.6917286,5.1590133,5.0370312,3.2889318,4.6842375,4.502415115,4.570854753,4.279355163,4.151685504,4.285607043
2017/9/8 15:15,4.6345835,4.8487391,4.2467451,5.1026015,4.6475396,4.2234244,4.4163737,2.5140762,4.1100435,3.968858189,3.736928142,3.518099209,3.438948469,3.58671047
2017/9/8 15:30,3.7580137,3.9874184,3.1255512,4.2296653,4.1993213,3.796205,3.6354985,1.7788677,2.8918433,2.66553113,2.601733885,2.30911076,2.43694827,2.450853187
2017/9/8 15:45,3.0282602,3.206517,2.4696207,3.4531205,3.053678,2.6890264,2.6496613,1.3551426,2.0511818,1.748405787,1.812643483,1.399317258,1.618181483,1.543754527
2017/9/8 16:00,2.3344512,2.4855008,1.7429571,2.7888582,2.5987897,2.2081351,1.9619263,1.111042,1.0464385,0.65236631,0.821351961,0.120726243,0.409683693,0.520114136
2017/9/8 16:15,1.7375798,1.7977011,0.93395704,2.0684488,1.9091314,1.5170501,1.1449201,1.0627213,0.79146898,0.44902689,0.356864487,0.061173846,-0.043625201,0.091564879
2017/9/8 16:30,1.3313442,1.3774341,0.51086897,1.6831481,1.6905445,1.2958721,0.93569642,1.1286383,1.4390955,1.10619825,1.336661726,0.645062899,1.020323711,1.150855175
2017/9/8 16:45,1.8874052,2.0899074,1.2261124,2.3959148,2.5606179,2.1246705,1.7745225,1.226366,1.5225241,1.067635341,1.389109251,0.588973601,0.994877625,0.898273073
2017/9/8 17:00,1.7092762,1.8126965,0.94781965,2.1063344,1.9245657,1.5038589,1.2292795,1.0962524,0.87513578,0.27214498,0.724375444,-0.188832475,-0.018772838,0.090871987
2017/9/8 17:15,1.0641865,1.1036119,0.45664686,1.402846,1.4269041,1.0410837,0.63825047,1.0872402,0.62665606,0.111745075,0.548583141,-0.24099704,0.050116074,0.097928183
2017/9/8 17:30,0.94561839,1.0557867,0.56151766,1.3562472,1.6217731,1.2683796,0.65923542,1.2590237,0.78638613,0.398887838,0.434216521,-0.063331039,0.098311153,0.099799434
2017/9/8 17:45,1.0095611,1.0934924,0.3852033,1.4058592,1.3162435,0.99772114,0.59735805,1.3213224,0.80281574,0.419164878,0.576585815,0.036128579,-0.014484313,0.110309182
2017/9/8 18:00,1.0677224,1.1713513,0.37249082,1.4668046,1.4237016,1.0557665,0.62627685,1.3237009,0.72569418,0.380740226,0.720831846,0.146104713,0.141492094,0.112430174
2017/9/8 18:15,1.1560888,1.2660418,0.62125105,1.5517527,1.5180773,1.1397108,0.65245003,1.3660822,0.6777904,0.504628602,0.671619747,0.018202571,-0.007868199,0.122215998
2017/9/8 18:30,1.1477011,1.2203645,0.49472708,1.5085024,1.405743,1.05837,0.61053914,1.3499765,0.59564865,0.511538033,0.822720773,0.256971753,0.172289537,0.129640595
2017/9/8 18:45,1.0973383,1.1783515,0.39119619,1.4443396,1.4042877,1.0550894,0.58680373,1.3504181,0.8089509,0.55203086,0.894640144,0.145899808,0.079232961,0.115139586
2017/9/8 19:00,1.0874801,1.1876178,0.49664682,1.4682798,1.4042877,1.0550894,0.5977397,1.4513979,0.89912295,0.600254767,0.812027078,0.219718902,0.021250256,0.136150843
2017/9/8 19:15,1.1102167,1.206027,0.5007028,1.4918966,1.4042877,1.0550894,0.6039508,1.6053343,0.85001791,0.56254293,0.84155068,0.087693948,0.12704843,0.126875972
2017/9/8 19:30,1.1437193,1.2347432,0.49810117,1.5080159,1.4069208,1.0586027,0.60543364,1.7704935,0.89451653,0.60573347,0.926311196,0.129635515,0.086324184,0.185470809
2017/9/8 19:45,1.1736872,1.2701232,0.53216547,1.5433598,1.440389,1.0921015,0.61973578,1.8792963,0.89031816,0.66906781,0.855465538,0.183371133,0.124769269,0.162172978
2017/9/8 20:00,1.1618942,1.2524137,0.50514215,1.5242668,1.4114736,1.0622953,0.60837466,1.8244562,0.87043953,0.681254054,1.060000975,0.065351933,0.276036162,0.200881571
2017/9/8 20:15,1.1804473,1.2767366,0.54193968,1.5496293,1.4442276,1.0953583,0.62132502,1.8278475,1.0195872,0.710959002,0.925698243,0.214820058,-0.00334361,0.174098829
2017/9/8 20:30,1.1689007,1.2609929,0.51760668,1.5321399,1.4233564,1.0740665,0.61128551,2.0157824,1.2031583,0.89720124,1.157010206,0.246137726,0.453520635,0.430479168
2017/9/8 20:45,1.3287586,1.4516029,0.70893854,1.7256138,1.6078056,1.2534555,0.7971639,2.1018305,1.4062749,1.128351007,1.336746669,0.599453792,0.480080818,0.661333074
2017/9/8 21:00,1.5021732,1.6405398,0.86692137,1.9072305,1.7461113,1.3815292,0.97277105,2.2455902,1.4921958,1.21682577,1.526679239,0.562056884,0.696768991,0.759133882
2017/9/8 21:15,1.5949421,1.729708,0.95188993,1.9924701,1.7705625,1.406175,1.0321847,2.398818,1.5391802,1.285763133,1.776492595,0.726640551,0.963014285,0.997896813
2017/9/8 21:30,1.7525947,1.9144995,1.1446247,2.1730621,1.9854912,1.6168875,1.2579824,2.7250652,1.7349845,1.44499348,1.668986841,0.814298767,0.779361169,0.86659154
2017/9/8 21:45,1.697881,1.8261101,1.0221949,2.0770056,1.8012365,1.44113,1.0823166,3.2740898,2.3332276,2.266537444,2.411302954,1.714310006,1.581974231,1.67663782
2017/9/8 22:00,2.2369349,2.4728625,1.7015066,2.7322938,2.5323195,2.1528573,1.943222,4.0147991,3.2188299,3.2791452,3.591870585,2.776162252,2.795075618,3.00E+00
2017/9/8 22:15,3.2236745,3.5582628,2.7627497,3.7935364,3.5382342,3.1277156,3.1067014,4.4910841,3.5912764,3.37299645,3.073343019,2.649380963,2.419645192,2.385127434
2017/9/8 22:30,2.9758527,3.1472049,2.1678972,3.3531668,2.6373668,2.2327285,2.3114214,4.618475,4.1021056,3.907050945,4.240960447,3.628495778,3.337944401,3.646362126
2017/9/8 22:45,3.7664993,4.1363592,3.5039873,4.3521099,4.2510009,3.8355222,3.7439632,5.0007782,4.624445,4.600316782,4.672511405,3.831112354,4.044502074,4.094761794
2017/9/8 23:00,,4.5526567,3.6989698,4.7242546,4.2431617,3.8425984,3.9334474,4.7602911,4.2711711,4.08696705,4.269952994,3.566040942,3.61993409,3.552111117
